x1,x2,x3,x4,x5,x6,y
0.41138203037926496,0.11614389369774801,-0.8259735398000133,-0.46328238381188924,0.23407474547666474,1.0,3.919044212406222
0.13337094755684697,-0.3628875972017763,-1.0,-1.0,-1.0,-1.0,3.291155038098135
0.6981815563971099,0.36749855536217935,-0.7869217213379153,1.0,1.0,1.0,2.596035225497864
0.20286734818399843,0.6758033867795792,1.0,1.0,0.7924400234929201,-0.9469507911432569,-2.611517465868911
-1.0,-1.0,0.37027514991799304,0.3421771731966454,1.0,0.2188291204945954,2.205680068617744
0.8915337936270686,1.0,0.010515784211688084,1.0,0.01948023853975761,-0.673264175798062,3.1716406151142316
0.986512060250661,0.47442232962914943,-1.0,-0.7466121222221431,-0.8001426419107254,-0.7748463219090014,4.300441995286994
-1.0,-0.5742140693419018,-1.0,-1.0,-0.49686685005462505,0.41371309138959816,-2.5589342875010512
-1.0,-0.20356619425496336,-0.019129146304357136,-0.4238332575128987,-1.0,-0.3996269118333586,-1.8541908499204416
-0.03724094468498243,-0.10494434809931608,-0.07417790973465876,0.546653777906694,0.3794410821135065,0.9492101179361345,2.6732998643554637
0.10264654354416014,0.3467905702152772,-1.0,0.48396945474920494,-0.17554423032932479,0.6829529783335889,2.7005603223165373
-0.7686866243677639,0.32641175774860987,-0.7647734576204472,-0.5435040434118936,0.11769078122466792,1.0,6.886873397273986
-0.13552409747301786,1.0,1.0,0.9487306352593826,-1.0,0.07523333090529027,-2.0431338499597267
-1.0,-0.7261045014594256,-1.0,-1.0,-1.0,-0.6718299582657277,1.157865388659153
-0.6524917766494615,-0.6848584955558976,0.2663034534464978,-0.2859649682836315,-1.0,-0.6920279040624473,1.2705401747358875
-0.9683585405276327,-0.6575022053854429,-1.0,0.00018373840960972387,-1.0,-0.23478934824177455,-4.079809005383862
0.28993035944243717,-1.0,-0.21723301795722827,-1.0,-1.0,-0.3431223947921631,7.08760048644487
1.0,0.1812754120296156,0.578075351635482,-0.36792449240543273,0.1991133847051152,0.07567159209949503,0.39409891582905043
-0.8490291999157273,-1.0,-1.0,0.1654633330572779,0.35097586104542267,1.0,3.864814926374658
-0.15743951575656057,-0.3726414995109173,1.0,-1.0,0.7339834583496241,1.0,-3.9333020055812593
1.0,-0.5619333413380524,-1.0,0.04342296002275725,-0.024907186135771114,1.0,3.037060210916885
-1.0,-0.8193878122079999,-0.19438383566638673,-0.14080458979548327,-0.9447991965839679,-1.0,0.8251221126232542
0.731799150595324,0.31373298037339103,0.8900180362082941,1.0,0.7907994606198803,0.03159939398025435,-2.6100148117396245
-0.05510403509530226,-1.0,-0.7142812421275251,-1.0,-0.3818699971758769,-1.0,4.061524223959212
0.15154221411267166,0.38096867609887775,-1.0,-0.3538616972948653,0.34412972402431896,-0.09129426209531044,-1.2714437767279163
-0.9216783721579627,-1.0,-1.0,-0.16643437119845877,0.7037531341285513,1.0,3.917247309327141
1.0,1.0,0.6983276474674049,1.0,0.6105814815120673,-0.4924909950526617,-2.1835493804845374
0.7781225177687906,-0.5885704721327166,-0.8798374330046125,-0.34685710895693306,-0.055269668862706456,-0.7653029756613905,1.0047646594410713
-0.6219915777104876,0.972926602053734,-0.610437900439713,-1.0,0.9751596573732735,0.4246026431981527,5.688469266549274
-1.0,-0.4086414429902786,-1.0,-1.0,-0.4597778885829778,0.38545703488674044,-0.9796306968518371
0.29031843521971873,0.4689346350654399,0.0606868023549505,0.8434677544852929,1.0,1.0,2.8767032757926607
0.042292547607609476,1.0,0.6154298909745441,1.0,-0.20693777478681052,-0.7816595670672611,0.9456856753435519
0.016230081764050774,-0.10229855230258889,-1.0,0.4404035828395455,-0.1878744194536608,-0.015210395815917988,-0.7466582811882019
0.14479108637073335,0.7421614658055,0.08787386300823075,-0.31730814602391755,0.7670335184696857,-0.3209399097613095,-0.794073808720841
1.0,0.004889825756986488,-0.4537929469536664,0.779860510751291,-1.0,-0.3242426770486486,4.18778376821556
0.5181171492366061,0.17882697963652983,1.0,1.0,0.5760097137254379,-0.35433587126407695,-1.1903806728110213
0.041711957737944394,1.0,0.46209987135945885,0.5369779264870729,0.8150165699317762,0.23007617182677972,-1.5382041777842823
-0.11401119407067783,0.08441752979625342,-1.0,-1.0,-1.0,-0.6764358173466989,-0.11611744693320736
-0.38803038325348005,-0.7542821287204584,0.5496370109906006,-1.0,-0.31267899073812605,1.0,-1.0110590268563067
0.17528089915490125,-0.23626719484952696,-1.0,-1.0,-0.8454838273463585,-0.4853396160913419,-0.20012830587033326
0.10624733629349636,-0.47536709170666275,-0.6791331097366466,1.0,1.0,0.20346196881814604,-1.3646054308233124
1.0,1.0,0.7769701658845118,1.0,-0.4474496195314651,0.3147729508640922,1.007359355811643
0.05899722201067714,0.9957760296589226,0.3951459351917197,0.8557448965973946,0.4459104767182286,0.4787574600153294,-1.0941565297962088
-0.9900793765846956,-1.0,-0.5511977369921921,-0.9416391630291757,0.5338829758269117,-0.5726893844730188,0.2508942730367252
1.0,0.6029311502855348,1.0,1.0,0.8530425590745704,1.0,-7.194915316661416
-0.4790302657040858,0.46673945837430103,1.0,-0.43684531827271034,-1.0,-0.9337577467029847,-3.292516281849341
-0.38136911939665263,-0.9042774025272093,-0.6013780096135247,-0.8805329407044338,-0.9926070445970425,1.0,4.635332856218228
-1.0,-1.0,-0.2649517189680577,-1.0,0.936985369436597,0.5846785592120703,0.31424244775248145
1.0,0.7602584093488496,1.0,1.0,-0.18184836380658065,-1.0,4.5696632889078685
-1.0,-1.0,-1.0,-0.37243264728939507,0.20720092760184905,0.26366168385873445,-4.141918364646062
0.4894262109614983,-1.0,0.0894036467560401,-0.5889441492675939,-0.2005990231961592,-0.8767758601973328,5.5929406755112
-1.0,-0.14064803606489984,-0.045140996941199996,0.5703724712602967,0.04947113648251045,-0.3201562007747638,-0.7555530427849839
-0.24554262142785022,-0.07219217949809598,-0.27879087448008383,-1.0,1.0,-0.12669969779367207,2.167992480892681
0.6879953268850274,0.8045837831632027,-0.5861932300294728,-0.7800754678380307,0.2773075456502119,0.4650035409043415,2.203701094639758
0.9502141834407851,0.7360963653840529,0.9711645065826908,1.0,1.0,1.0,-7.3996348640757645
-1.0,-1.0,-1.0,-1.0,0.3889942599496863,0.34454121410637695,-8.582060822943296
1.0,0.9271437503018709,0.9583212209757865,1.0,0.6760405710436924,0.5841363182007513,-6.664080934025094
-0.37299621290756646,0.1007793735266288,-0.47901933734402213,-0.9185337574786612,-1.0,-0.45258833507680357,-0.1756096235784379
-0.43695585996453634,0.176090296817858,-0.7597245252517846,0.2929132708314863,1.0,0.6529871668712519,3.8941532766385873
1.0,0.9811528146946453,-1.0,1.0,0.9747972358286251,1.0,-0.013982731081764212
-1.0,1.0,0.12842411469779474,-0.12271187691076313,-0.25365082180371684,0.41910513919974923,-0.5599482729101214
1.0,1.0,0.3037560194276687,0.9016295895563853,-0.3661964974987455,-0.38294776297520183,3.35468043384176
1.0,-0.21534530467422952,-0.17553908093141735,1.0,-1.0,-0.9816095037051702,8.737910153540678
-1.0,-0.23034441199073524,-0.37984653000395807,-0.2720501308759413,-0.2077297271499221,-0.6459737227444489,1.5703543984034016
-1.0,-1.0,-1.0,-0.29625922373632707,-1.0,0.6283475506405999,-2.6266476789791735
0.9760341807155879,0.320676886099305,-0.03008511831327615,-0.49568698088048657,-0.8962587280414813,-0.2586139353705095,2.7393253433557403
0.7883266127262585,0.21123890866688178,0.7306682304335941,0.7768809711847378,-0.1259803096037293,-0.4955977507538921,0.6335048361817476
1.0,-0.28461252097901335,1.0,1.0,-0.6854351072017357,-0.3699956831737053,4.589442260597673
-0.44069412655022694,-0.02036605839949346,-0.5257586007260088,-0.6978057961639401,0.3202428560227242,1.0,3.8471514856701714
-0.3232127784193953,-1.0,-0.18610123185919591,-0.7569721715268594,-0.7308890159530818,0.7533106729586055,0.7694794691791075
-0.06447917699526023,0.676899578065497,0.11390198441132227,0.6040691568554354,0.7721258171788465,0.7074733540713246,0.9896237277493839
1.0,0.5213024782936919,-0.8545129993509637,-0.9739848516827913,-0.6254353858710016,1.0,8.441485792409019
-0.6966017975585974,-0.6462046256105034,-1.0,-0.9440345400266541,0.4687531433358856,1.0,2.7531297988694017
-0.3350547699299191,0.2271027755506866,0.34045241208498567,-0.9309699498078089,-0.14881525684291708,0.9963463188852749,1.4989137942574358
0.33579385658201427,1.0,0.5518971201349208,0.9912257121210317,-0.17515099502613826,1.0,-0.5879461903297731
-0.8399492183721092,-0.3654845918962135,-0.5935577012070333,-0.8687966811169413,0.25060601723675197,-0.8346244516597159,2.551566663713948
0.9732275075805549,0.7527895003078495,0.12036235985582766,-0.33420715348520424,-0.050430061347260496,-0.9619998461095359,3.209003785826862
0.11757689274887956,-0.1280027580442931,-1.0,-0.5409577502501564,0.21172652005588027,-0.325553598022969,-1.1341319517358381
-0.25059238303002007,-0.24314761731993384,0.721438937697513,0.5265795816653683,1.0,0.7132470507713577,-0.06667602938390665
-1.0,-1.0,-1.0,-1.0,-0.16596048856299087,1.0,-1.1321592729115588
0.9488411164636048,0.09861809055236642,0.5549065885545055,-0.8299434381602189,-1.0,0.07185374466821592,3.5601329785024003
-1.0,-0.9892108466905214,-1.0,-0.9402082085828102,1.0,0.6623794931669296,-6.107694724657799
1.0,0.974444941754685,0.6080132707370532,1.0,1.0,1.0,-4.842427990713672
0.9829168233486674,0.23053170796136735,0.17706941548473232,1.0,0.5777977639018546,-1.0,2.3536535585071436
-1.0,-1.0,-1.0,-0.6738122393907269,1.0,0.47317349028202105,-4.961287431830496
-0.5555435916764694,-0.4727090509903864,-1.0,0.4943063554337548,0.8272919243789878,1.0,8.674615470392812
0.20507658196529643,1.0,0.6646882530833966,1.0,1.0,1.0,-1.9710080461386954
-0.6898305221280971,-1.0,-1.0,0.04545420287568497,-0.720219997133905,0.9215194641819564,0.4274892290573561
0.2706243409482919,-0.28593052948411213,-0.1266259183031111,-0.5984107839185173,-0.712502454691356,-1.0,3.9263655642457898
1.0,1.0,0.12625164480855977,1.0,0.9594449278099801,0.10387418482356003,-2.2697369760068966
-0.5158414602648487,-1.0,0.174275251511808,0.04883706727221432,1.0,0.9351623918337247,3.725522384497366
-1.0,-1.0,-1.0,-1.0,0.5723115803312955,1.0,-2.3401394876213617
-0.9081068705179034,0.6064574316463878,-0.8862489476016879,1.0,-0.35179756094132664,-0.7642471100974471,1.5190290849541384
-0.6982361709530001,-1.0,-0.8452281599732914,-1.0,1.0,1.0,0.5634258640570865
1.0,-0.6353689736067069,0.5920462482575328,-0.17116630475837774,0.8877016492400063,-0.5980448112804704,0.19653677202981013
-1.0,-1.0,-0.2924576626121048,-0.23877428375052312,-0.691285865730473,-0.8957832458059412,0.9484284603095756
-0.5979527015001771,-0.7410706760027849,-0.06069563794847664,-1.0,-0.7207967336779073,-0.587600085047765,2.390488093068015
-0.026161676097190598,0.6823882121209977,1.0,0.5056292707637676,0.6442241972495817,1.0,-1.8815243112860807
-1.0,-0.10691416285504807,-1.0,-1.0,1.0,-0.21269617149135941,-0.3452135591926301
0.9490478379642628,0.8901593008482556,0.7274892707159251,0.5823430431389096,0.4337911702248616,0.6871260031607607,-3.397460830281966
0.24551813388100208,-0.03807841238522536,-0.357138928220454,0.5524474300622226,-1.0,0.9117894216552674,4.4353719869788915
-1.0,-1.0,0.19160405660603141,-1.0,-1.0,-0.6981355700556995,5.176227191012974
-1.0,-0.16643629650102243,0.8920237505617442,-0.3849539878270842,-1.0,-1.0,-1.3509705929650138
-0.1652709488650409,0.7737806982667954,-0.08311070905636658,0.26974384359609577,0.9571636687942253,0.0334767063903163,0.4730141610497022
0.1364988228544226,0.48696387870668245,1.0,0.6747422637318174,-0.8043611393739296,-1.0,1.4422395242043051
0.9168309833146562,-0.16274518447380082,1.0,1.0,0.6203581700993224,1.0,-5.024566531509644
0.4279292501791765,-0.03723199117009934,-0.3382357572540613,0.027461409872578335,-1.0,-1.0,3.898492218133927
0.18090823896296948,1.0,0.4414348566159199,0.41071856907366655,0.15741172410226534,0.4480002191906629,-1.624081931841599
0.09226005079938626,0.7214290595874961,1.0,-0.2520830449701433,-1.0,0.07676043814996515,-1.712436835900971
1.0,-0.07694222349008206,0.9510186803419035,1.0,-0.1387708608433363,-1.0,3.233642968090047
0.6174863639914644,-0.2846930967689747,0.3961399378315341,0.695192633298607,0.07144450636205646,-0.5865318262671619,1.5541210936548078
0.06354108818066284,0.26254549711442965,-0.08467108870020146,0.5294581434006553,0.2923156204778722,-0.9319330311081019,2.9802004994985825
-0.9502756509419613,-0.3790349611038004,-0.4968615234089983,-1.0,-0.019268875970281485,-1.0,3.4851808033204557
-0.04754388217346783,-0.8641433292101901,-0.40760298391793814,-1.0,0.9415297367525555,0.3352642846863637,-0.7234963789816203
-1.0,-1.0,-0.37789802151450247,-0.11651349062370259,-1.0,-0.30828577845936866,-1.6089242871316891
1.0,0.8815870539152371,0.35544016552627783,-0.3300005799172244,-0.5944020694695997,-0.3002753832045067,1.7157414320534088
1.0,1.0,1.0,0.33751858281169067,0.23309723481768652,-0.3811738732231187,-2.447986477101012
-0.2979861064170626,-0.3125409211834711,-0.06889377872748959,-0.8797613903876547,-0.20761758855793366,0.41872088333408897,-0.8675323718091068
0.14132937963060027,1.0,-0.7467727790389822,0.07938550840642483,-1.0,-1.0,2.195058420845767
-0.22887467192177502,0.27574739974105467,0.9175271243745844,0.6434812673548398,-1.0,-0.35598791345020975,-1.1566275534174202
0.7300030888962491,0.1116872201281891,-0.5684780524861633,0.07292042893167805,-1.0,-1.0,4.8014498445972125
-0.31059247452303723,-0.795057520939485,-0.4991149480512542,-0.670540335129544,0.05699346232545843,1.0,0.9737930914879048
-1.0,-1.0,-0.5899299797229378,-0.3272365989531325,0.062042284658034186,-0.18176742735046597,-1.7260926122944613
0.5136003914216523,-0.6663186553289312,-1.0,-0.167281509842796,-1.0,-1.0,3.3550016209333995
0.4082818713380037,-0.44585599455173097,0.026901759786828627,1.0,-0.5815633303059685,-0.7154553684103759,2.5554004590315214
-0.5801312803659084,0.17322436831296295,-0.6355064413314446,-0.25380351556134,0.08210909737071681,-0.22013291870929777,0.003839910783371085
-0.3636205664493499,-1.0,-1.0,-0.396976495290879,1.0,0.5369951892271625,-2.5932453243478735
-1.0,-1.0,-0.8377009721745949,-1.0,1.0,0.035705467787150225,-5.222983029734962
0.8186240403121157,1.0,-1.0,1.0,-1.0,0.8269363339637495,10.597062315964639
1.0,0.8833810146121455,-0.7157221263424705,0.8686032907099859,-0.42811610245421294,-1.0,7.733006760171422
0.9100144590273284,0.5101519399440861,0.05524578482554765,0.52711177253865,-0.22886374175820834,0.2968941380301319,0.4527353639780627
0.02956730141193327,-1.0,0.671801771013421,-0.8124164722633411,-1.0,-1.0,10.020642591281574
-0.3420055843960932,-1.0,-1.0,-0.8520128553945547,0.4054771926752242,1.0,0.15350760937970565
0.4019302223138804,-0.13908925480066153,0.012359727605411264,-0.1828786396775955,-1.0,-1.0,3.859013060139558
1.0,1.0,-0.17346127961527558,-1.0,0.19577759278779638,-0.23481809321279012,0.2573301513648243
-0.3288398713086661,-0.47364762272372823,-0.019404332424182102,-0.20679105399425107,-1.0,-0.6426138313667249,1.0150768600734223
-1.0,-0.14545208605708515,0.34663736099157305,0.12083384867037579,0.3450487728595688,0.12689539656646498,0.861264972851734
-0.7154636404370094,-0.9906647030757734,0.1937382319335863,-1.0,0.8711425593249676,1.0,0.5980288343712015
-0.03834562840127276,1.0,-0.8059720207977898,1.0,0.009586881831788852,-1.0,3.4900988139798352
1.0,0.28172748554550214,1.0,0.7765736825434637,0.6093711598507536,0.5951301519089959,-4.362591338079821
0.5069149919457718,-0.18603122244184245,-0.44536106041710477,0.6662218653900824,1.0,1.0,3.9019935704808035
0.6198285401517095,-0.04801279127893543,0.014569624295367567,1.0,0.3110038750445885,-0.08383743301347435,0.11293632761901035
0.19925118393733843,-0.20600823368042764,-0.05919606270682726,0.42643873143776256,-0.10853857518176435,-0.17485795271403434,-0.06342690076255394
-1.0,-1.0,-0.04590541150062677,-1.0,-0.2136450132047778,-0.9191033757015943,4.673920688323138
1.0,1.0,0.8770774959862915,-0.18643545220960073,-0.5967642340315628,-0.08174791232933626,0.06601279000429428
-0.5812071629790421,-1.0,-0.16964306013582664,-0.4903462275015298,-1.0,0.30028011183621983,-0.6560491803958377
1.0,1.0,1.0,0.388290552242901,-0.3981768850593181,1.0,-2.196771804407098
0.5860181438881072,-0.7066815916095087,-1.0,-0.11396875719730054,-0.8245843977514368,-0.36129910414539423,1.6303683823201829
0.49020678030352544,-1.0,0.8470699734072811,0.8044094603185438,1.0,1.0,0.9038423851504365
-0.9753160714735931,-0.9247238049341908,-0.6346760246840546,-0.6230016083660151,-1.0,-0.18358276355279646,-1.7879110018340103
0.13025696545526433,0.7963803783985461,1.0,0.08933392290413433,0.6258197757774838,0.6068276833284616,-2.05224613143118
0.3726737021382174,1.0,1.0,0.6372034666606691,1.0,-0.3689340292270506,-3.709828616924551
0.43572163590514623,1.0,-0.6600669231092593,1.0,-1.0,-0.5773147215611683,6.341007540774838
-0.8495954973764615,-1.0,-0.15301822555392897,-0.6773137509173129,0.2847996574997289,-1.0,5.859470424892825
-0.6426861409164676,-0.42431835357647285,0.035175693613594516,0.12517561594888382,0.38913708734034524,0.9105056221767682,2.629088637633104
-0.4524814547760311,-1.0,-1.0,0.9024939512584378,-1.0,-0.03491991672595529,-5.020080804739908
-1.0,-0.810148129945317,-0.1999630869118798,-1.0,1.0,-0.743606006556722,6.589230494593787
0.7974719846720946,1.0,1.0,1.0,-1.0,-0.722861575024275,5.217833529588756
-0.5719540847710163,0.31597131957028235,-0.7697230876785641,-0.9688946664337449,-0.9531440262839752,-0.3863389085307908,-1.0860883138825281
0.09831798357058058,0.6949241030356801,0.5739339544536308,1.0,1.0,-0.2082315856799496,-1.484486288326281
-0.3388128473757479,0.01340080403849242,-0.2382073046687062,-0.7532570845129444,0.5126655132871027,1.0,2.956456025683776
1.0,1.0,1.0,0.9110086606662204,0.2653275464406929,-0.023835401057780037,-3.735667262850045
-1.0,-0.5799444671797155,-0.060385294149909896,0.5989958414735707,-0.32293852406728185,-1.0,2.230974055110675
-0.4769595446640414,-0.1273073728817351,-1.0,-0.7119293293436606,0.8612518214454226,-0.48082206666730243,0.5018134895443914
-0.7389795664990835,1.0,0.43673169249664645,0.03034523420007018,-0.3837711394464192,1.0,0.44913849924579113
-0.030964478005653606,-1.0,-0.06684984961705576,-0.8159945252640723,-0.04058399151611211,-1.0,4.2118420477169085
-0.38669006886655244,-0.9639962169329297,-1.0,0.013933154716757545,0.4765408467029375,1.0,5.1294162586264855
1.0,1.0,0.36350723279924013,0.3358000292068295,-0.1068382418906757,-0.44158870781697734,0.7008068661225617
-0.5933182912487633,-0.33221633833729625,-0.6915939730619498,-1.0,-0.6334054947599557,-0.016391660633833904,-1.0288294765416108
-0.7507905242616267,-0.12067838634240563,0.7692109588766362,-0.5983210821396072,1.0,1.0,0.8782641551086992
-1.0,-1.0,-1.0,-1.0,-0.7728885319852226,1.0,1.3631822109786524
-0.7070189555965115,-1.0,-0.7059695763993508,-0.24408531761250507,-0.17928149104009727,0.4498405081857412,-2.404344405394595
0.09690153206810598,-0.6610923670785429,-0.06502194081376955,0.0497352382720313,1.0,0.8579191499639912,2.2385240404741023
-0.9307600216819745,-1.0,-1.0,-0.667573852880929,-1.0,0.78861658469804,-1.6111260021358809
-0.4445721005372145,-0.5087597080032118,-1.0,-0.07379800649858015,0.14099091498610727,-0.16147996453542812,-0.3715342538262084
-1.0,0.07388350928320375,-0.5127915061205202,-0.1256669459532228,-0.21992007962685733,-1.0,3.338642571689022
0.04690053168065078,-0.18468307969042178,0.649317736293346,1.0,-0.6967377349275281,-0.6027032661831748,0.9760943149120423
-0.3481201796950024,0.8026863489212633,0.7366859271371005,0.19616195555094573,-0.4893653946325409,-1.0,0.6094488552013423
0.28892204782824393,-0.10632559088683502,-0.3287002047589894,-1.0,-0.03292597582213998,-0.07885491809072176,0.0787009075919313
0.19764568572774666,1.0,1.0,0.24756899037392155,0.5538813989488354,-0.7417104549601355,-2.56920849992976
1.0,0.2211994989965147,1.0,0.36351552000767295,-0.07723607001757082,0.4928237992015059,-1.7252949871849648
0.2121440773540726,-0.6578422590006329,0.12214588077931121,0.8710058775554934,0.46698365754849247,0.21933532217840046,0.0036928014842792234
-1.0,-0.18852014038302145,0.6308206079271106,-0.32944075662868477,0.2269469011169668,0.44201280891692935,-0.6934578437712393
-0.7868111545073214,-0.7056821215734378,-0.6515670627914653,-0.4486136144018541,0.1551446508868669,0.24466619449427826,-0.7899504091767664
1.0,-0.6629439704048168,1.0,-0.04687083198474973,-0.5722711371369158,-1.0,8.274939328204772
0.4412762458753925,-0.11678086791951006,0.8513789691932191,0.601075545314131,-0.19656726147580056,0.35623518149612277,0.09919293962753173
-0.5923147367010785,-0.5229635921359876,0.11740005414728338,0.38256267666965194,-0.29192727113440253,-1.0,2.8274161947027605
-0.01635395558011593,0.10329862598825218,-0.8225239520912817,-1.0,0.16719658547547755,0.042014126432018406,-1.3530637642372252
0.7094027766024698,0.4266826873086127,0.0683647177891914,0.7746452174970749,-1.0,0.8111212426381637,4.656490569910575
1.0,1.0,1.0,1.0,-0.1257418230641404,0.9378753902283727,-4.465915093599283
0.8088547639936225,1.0,0.6419267140914404,0.7454832726439683,-1.0,0.29118866263351084,2.3833594966347356
0.4937216608507271,0.12901739411581103,0.4095736476400669,1.0,0.474892324077031,-1.0,1.9512663193819708
0.25044933433482724,-0.78452285743588,-0.7083554421779235,0.3508332540578739,0.40416584744629863,-0.13514347800444027,-1.8632341649692337
0.9000309892601286,0.7254798129699639,0.8279368416607947,0.7517806606091862,-0.6066803502882941,-0.0321154581160874,1.519795210113181
0.10928139775153156,0.9088941785449012,-0.412654838085255,-0.31448090393574657,0.7875833345324383,1.0,7.063189891180064
1.0,-0.16464862419738258,0.6506937254332099,0.2624386956076563,-0.7188427079099453,-0.7108141207060341,5.761184550283746
0.4971771167966077,1.0,0.322104080311191,0.8355582525943075,-1.0,-1.0,6.307400798713565
0.4869803319412803,1.0,1.0,0.37233421189012783,-0.1843340543929497,-0.21528413431882476,-1.8499022090382848
1.0,0.5308553575270194,1.0,1.0,1.0,0.8724353031728487,-7.7611862123153825
0.307242912682829,-1.0,-1.0,-0.7701079817392589,-0.07755944278690274,-1.0,2.7267032612099245
1.0,0.5643386238319881,1.0,0.5558086710830363,-0.12512602749307844,-1.0,3.3603487145542017
0.908668810189203,1.0,-0.17057615350899502,0.9060839150774203,-0.7334440578545511,-0.7161004827741193,7.288687315904404
0.2660444128047199,1.0,1.0,0.5981912054301473,0.014045984348935364,-1.0,-0.2854512558415888
-0.5725738606555527,-0.6602897585291913,0.22277950839987454,0.522161035460419,-1.0,1.0,1.1424829021624574
-0.15220113755015308,-1.0,-1.0,-0.41156509266264063,-0.5599872116445913,-0.27930367723575433,-2.1600787140177533
-1.0,0.2342219301302695,-0.26171334005358987,-0.47546378459053257,0.01416820809661079,-0.4839436257904912,-0.2563308900668907
-0.18467428085531423,0.04758629942843823,-1.0,0.6579786234857743,0.8210449525650633,0.20137201163424034,0.20710647437768054
-0.029088359392352103,-0.2940157626644815,-1.0,-1.0,0.2470254194555085,1.0,4.626925112192932
0.2637606438002307,1.0,1.0,-0.6043295072050652,0.6340330899220514,1.0,-1.4573732492789746
-0.839281815653068,1.0,0.4035924648341843,0.7477495907027968,1.0,0.14540558573640383,0.8823989114795803
0.05429394597177295,0.011847150184565391,0.2909857732347799,1.0,0.6191978736651765,0.6942672429905441,1.4353247626137318
0.06641089287958413,0.3384364413740252,-1.0,0.2258351071451622,0.3141503921528702,-0.4749936456794174,-0.4459081301487505
0.7850921926852248,0.6651369748445932,0.3160490772289952,0.22219432328435262,1.0,0.7698560098665925,-0.4845317431476878
0.5594056999481916,0.7603117732069453,0.8511372989914621,0.21265750221621804,0.6985824729153457,0.08533246072261025,-2.291710047692278
-0.419442674745208,-0.5304425359432141,-0.36938325820207263,0.15865239654940977,-0.4241975155418445,-1.0,1.7988222520597095
0.2583361085729143,0.0727278974392227,-0.431332105576554,-0.7670065262388857,-0.2706372682171163,-0.7396774158620655,1.0881084675452226
-0.6052920156911741,1.0,-0.2162306085699974,0.08554073435461385,0.22050804562744347,-0.6415243619819164,1.0093313040755385
0.5383797531777456,-1.0,-0.12775241301851847,0.26243641661825867,-1.0,-1.0,5.867425255425356
0.962422916469214,0.9309967386168553,0.5520768036007969,0.7478306333142761,-0.13101103934783587,-0.7988893928080956,3.136148953293416
-0.8296053656010723,-1.0,0.5427105416277971,0.2611635881508244,1.0,-0.05484624764971398,2.987076058216055
0.7513896967802978,-0.15713519269042553,1.0,0.2606381453919202,0.8714014948323833,0.3503319251948742,-2.9888611587104457
0.9544547686027768,1.0,1.0,-0.43080297410451773,-1.0,0.533560411597216,0.5669352813378785
-0.612846841995861,0.208757553085112,-0.30748709315913464,1.0,-1.0,-0.3032598848345345,-0.5901316665120009
-1.0,0.07018693886723915,0.8473857918063082,-0.6635551324212239,-1.0,-1.0,-1.597429442061511
1.0,0.26347161054767754,-0.14010087570811636,1.0,0.4030594609047686,-0.1268262666363321,-1.6415524537536856
0.25227677423335937,0.1259656453336433,0.27066248012240224,0.6632096504821741,1.0,-0.22890745033949333,-0.3898939794964657
0.6824048699512468,0.7460948497647146,1.0,1.0,1.0,1.0,-6.41611367634745
-1.0,-0.8035086946073018,-1.0,0.13386472907025054,1.0,1.0,5.478992754236929
-1.0,-0.22261032048515783,-1.0,-1.0,0.44164298554143455,-0.1418513695030262,-2.310050019984914
-1.0,-0.955638296503566,0.1858218383206981,-1.0,-1.0,-0.5049161248015419,4.728489505642484
0.1704120766911295,0.22972053847867674,1.0,-0.6946837015888941,-1.0,-0.9632149615639019,0.16251002368633188
1.0,0.5708882299301643,0.8755637459445997,0.28811563025931913,-0.37269411897260163,-1.0,4.963642846240502
-0.5394275725373259,-0.35130167954619007,-1.0,0.6425685615937073,-0.10769632653322625,-1.0,3.662363336856517
-0.4119355499496794,-0.07785733274763862,0.002173274834347913,-1.0,0.35001102839350484,1.0,2.846361932327587
-0.6605167065679254,-0.00713403118082355,-0.48793589760240663,-1.0,-0.40968341001518555,1.0,2.978362996601734
-0.6186669516167058,-1.0,-0.3741588294425422,0.7144413108757027,0.9191383636753547,0.424548049568085,0.3963579341425234
-1.0,-1.0,0.5200200298579227,-1.0,-1.0,-0.8709987659360149,7.243638867105264
-1.0,-0.6943053824696368,0.11833637695526039,-0.26969134203887135,-1.0,-1.0,1.1110564667728364
-0.41705787021401575,0.37136520736895473,1.0,0.4027214861283303,0.586926053278723,-0.07233248540218318,-0.37298998770024355
-0.2081623352770514,-0.2667828126190239,-0.43846136531194957,-0.22801568248079818,-1.0,0.7288044555974944,1.0379609050295602
0.5462985904585931,1.0,1.0,1.0,0.6589766001390613,-0.45618666502961447,-4.911056008167229
-0.7748769798039372,0.6300212308625541,-1.0,-1.0,-1.0,-1.0,-0.7147414114026278
0.6893078157623287,0.3810609267016762,-0.4733681555124452,-1.0,-1.0,-0.7906698387251019,3.982136938699731
-0.2819800438350395,-0.6448338745677529,-1.0,-0.5718536618202117,-0.8119441759022207,-0.05362315395572542,-1.5447737854059478
-0.39410757105046024,-1.0,1.0,-0.3948248284149541,0.20820651546630614,0.37902639207950506,0.9396300377412472
1.0,0.861468810407586,0.6053032697655893,1.0,0.6871985046649699,1.0,-2.601884881651304
1.0,1.0,1.0,1.0,-0.5183271015080649,1.0,-2.287740885639903
-1.0,-1.0,-0.24286416399071942,0.2791902021103581,-0.49755214744807863,-0.18682604170551098,-1.777065311315052
-1.0,-0.14492305342754913,0.06363914675753557,-0.893344981687209,0.8993472345002924,0.2688807469231793,3.2490603195896286
-1.0,-0.4452850095650702,-0.4096866399495218,-1.0,0.875553927294627,-0.7927793516703578,5.0100443369235625
1.0,1.0,1.0,0.6294735342895211,-1.0,-0.2602380317251406,3.585652378588086
-1.0,-0.5398770169060999,0.2508739278812886,-1.0,-0.8690420176274605,-0.08298176208742492,0.5813318191809766
0.9636775738444967,1.0,0.523416492292486,0.965545400058186,-0.3137101184999498,0.14081344354434155,0.7678332730443064
0.7725288094765089,1.0,-0.5301847206357893,-0.07969459580079705,0.5679785045348796,1.0,5.57455014356137
0.9945941920783608,1.0,1.0,1.0,0.5939136684341244,0.6323573667077059,-7.252392637918974
0.8465179101356289,-0.6541081775696779,0.33481618711684646,0.7508688016533175,0.6723009588186302,-0.5478006250857497,-0.10245677786425558
0.5926794220305427,-1.0,-0.19035279281546594,0.7066891844886349,0.021140114702245638,0.1266613288381706,0.31354880753412295
-1.0,-0.909530171446858,-0.007572293168341848,-0.5600031530177915,-1.0,-1.0,2.8348037241986885
0.3650184264078249,1.0,1.0,0.7455715391354896,1.0,1.0,-5.429232018797526
0.20037166627307346,1.0,1.0,0.43442207990682946,0.02406153887577045,-1.0,-0.8925846443556187
0.48244911594771506,-0.8636459030459217,-0.9033761804251779,-0.7115880428096911,-1.0,-1.0,6.05003305707751
-0.07376749298303265,0.7542021899154813,-0.05123781752363654,-0.08342145016304636,-0.2841424119815703,0.17321996847302235,0.6779460533073618
-0.6692342677377084,1.0,1.0,0.9192030360961314,-1.0,-0.527392081827523,-2.026840075646819
-1.0,-1.0,-1.0,-1.0,1.0,0.14452423610448029,-7.459008739867842
-0.6605083794026576,-0.5092177265386325,-0.4642628700516752,-1.0,0.7783382835389389,1.0,3.238247632924536
-0.27459656313253955,-0.29984310212039667,-0.4201375507002695,-0.11843289731337747,1.0,0.15618878120325608,0.0780295083369284
-1.0,-0.22695077014293308,-1.0,-0.31348576912771464,1.0,0.470765355203286,-0.14356704361153594
-1.0,-0.9159435827967638,0.915507962837052,-1.0,-0.9788887860667153,0.3806879650099332,0.13740450820565298
-0.9638221658336145,0.29127007316499354,-0.6580384857477446,-0.15878572434659718,0.013251307330130857,-0.1574765679761142,0.14271393453668352
0.3249373864380848,0.20747238132236712,-1.0,-0.4373341295800201,0.26689173305881986,-0.42478457144583887,-1.5412240867650864
-0.32676202804803695,0.2169652192960035,-0.07308991282597965,-0.8384360776794955,0.0798205405752096,-0.9390392246783614,2.361424326174328
-0.4980546847804883,0.15880219541980825,0.8047202194415873,0.9538013488222311,1.0,0.8855126156349649,0.5099978227475612
-0.9103941791397979,-0.42464153437219987,-1.0,-0.45587161722973635,0.7371459403387457,0.7678617116032435,2.335089866493706
-0.2537331775168983,1.0,0.18472951601753207,-0.3895397989634505,-1.0,0.6368042987072051,1.6005067605446848
1.0,0.31313826301127734,0.39639521965489105,0.6190690072142082,-0.12291761832062109,-0.673668407597372,2.9004903922530056
0.2205897006126869,-1.0,-0.030510099429853166,-0.3724488519614935,0.1099696283177457,-0.7083667974636173,3.010237010491397
-0.7760656566496986,-1.0,-0.02830216745763743,0.26046159545166614,-0.5429152406327713,0.4014073203703401,-1.262663170349127
-0.7545935023624821,-1.0,-1.0,-0.04592073361535909,1.0,1.0,4.784803202099935
-0.8125567394851771,0.5547236023681628,-1.0,-1.0,0.6451629810360093,0.8132601341830927,7.067494362177366
0.23096008533953705,-0.8348701881278916,-0.6911165884911417,-0.9819041674750768,-0.9085453349611465,0.3500186961135765,2.8476409123803803
1.0,-0.3206663609329577,0.6621376345825356,0.18270595350571572,-1.0,-0.0966771967018929,3.9456263319154736
0.3047162617003968,0.20720833124308702,1.0,1.0,0.11450073625647819,-0.2708463616830613,-1.1505792861780963
0.27508141065043845,0.8939640854589381,1.0,1.0,-1.0,-1.0,3.5196213051266483
0.6348045286953465,0.44934672183723146,0.27720392641921965,1.0,-0.3024730342758316,-0.036190957861109305,0.00519796154925356
-0.37071571515390667,-0.6250517344110913,0.20249069422449684,-0.8079698634555019,0.2452753557284908,1.0,0.12910220979418063
-0.8669259007902872,-0.9529277787053054,-0.3865050631232835,-0.9530812134022875,0.7269482125887248,0.10353615335256375,-0.12669676002184005
1.0,0.23079207073266783,1.0,0.10159660205547194,-1.0,0.19406609514343132,3.27972201677213
1.0,0.20928847925911864,0.7487271842873511,-0.3041179419378969,-0.5618342309248435,0.843518704083808,1.7623976787148607
-1.0,-0.06837151057121105,-1.0,-1.0,-0.34907446532988007,-0.18530509364607672,-2.832659747527694
-0.9230548850398903,0.07987965264066357,0.2074000686648016,0.3886447691554894,-1.0,0.1660248703037377,-2.8218454944930684
1.0,-0.028612507761591743,1.0,0.439431480727376,-0.5125671085773286,0.2173380456220232,1.4849286874040566
0.23592302735700343,0.29124782279053046,0.693188339252053,1.0,-0.6448446332807143,-0.9859441453139325,4.160660069365326
1.0,1.0,0.5227484061314632,0.14266542875242805,0.34961218128185434,1.0,-0.03669460806911096
-0.4467987942416116,-0.521466763325956,-1.0,-0.27132620134265883,0.6471538611785703,1.0,6.160299144181975
-0.1396414702170637,0.9454718172613866,0.9752894342271242,0.6819540825114392,0.15249602998823475,0.9297946917669662,-4.182673537704987
-0.7755205116114718,-0.8401751528786039,-0.3097595462873437,-0.07256180130185563,-0.179526150929058,-0.5807332254190469,0.4109286780821855
0.15036766924061862,0.7210057542106825,0.7097692959717486,1.0,-0.13549176371393956,-1.0,2.1029453494607084
0.5488231600420468,-0.5645552395555973,0.25161620714114435,-0.12949405154304677,-0.5909194497938204,-1.0,5.378673302314897
0.9326242722375755,1.0,0.9866892876579789,1.0,-0.10943240907350285,-0.9072686684451379,2.478020430024904
1.0,1.0,-0.3189076713701521,-1.0,-1.0,-0.9024562226636588,9.655049169483897
0.6506930741332579,0.13795760451192302,-0.6614174470468408,0.3704361747312123,-0.43538088089490956,-1.0,3.186388910561949
1.0,1.0,-0.3848592865497036,-0.14101227479782052,-1.0,-0.01163271231078955,3.800828299332559
-1.0,-1.0,-1.0,-0.03191182318723684,-0.24726306613886823,-0.3023114284314693,-4.272754823791373
0.07866045671413668,0.46159715243717736,1.0,0.5830122272262498,-0.6231480321333529,-0.5513164942740707,0.3231467404143355
1.0,-0.12457018777906476,0.01590950857297191,0.45791642889588613,-0.9505002274154029,0.6172031020504423,3.876969811399679
-0.3218150540084984,1.0,1.0,0.4484696067154171,-0.5452450974795424,-0.8149861858102712,-2.0684209358571097
1.0,1.0,-0.8865708318017869,0.7659467281502533,-0.1222010621716324,-0.9371616962579429,5.176763190686958
1.0,0.39999901875284705,1.0,0.9995870335013024,-0.5091611324012615,-0.49192514986643127,4.291309615075447
0.7370363793818765,-0.6408540820680919,-0.8649056587460814,-0.2987502438094984,0.3824871953158553,0.27640292356873686,-0.9298545083869806
-0.5716486834623768,0.7841345840388474,0.8450519215640266,-0.5732820635466187,0.07883597502614215,0.16696719831051188,-0.4301526432982363
-1.0,0.6342244973628195,-0.20155855960445113,-0.5565802327023639,-0.5497026796458557,0.22252569359416818,-0.23917685208517403
-1.0,0.6741409757895406,-0.34328087944507324,0.6867248743738956,0.6617453002659931,-1.0,4.0326363203765165
-0.29634541199325654,0.10783100735814505,-0.058868035116631134,0.7487933048109086,-1.0,0.03646865984494019,-0.19001820973265843
1.0,1.0,1.0,1.0,0.45131123313195176,1.0,-7.6809315236637135
1.0,0.2540941928573238,1.0,-0.3484057835640436,-0.44622600807519425,-0.16248634345208257,2.6909139702932534
0.92789537737861,1.0,1.0,1.0,-0.9701784894307135,-1.0,8.023828666560142
-0.104604921804129,-0.15695777942496425,0.1650468753807137,-0.701018083756534,0.3322047182272428,0.36223282549323044,-0.24994812757005996
0.8230642227923527,-0.6931281329448831,-0.8744551854139878,-0.9477146770261113,0.9786408625270353,-0.13367735305470327,-2.963128763049455
-1.0,-1.0,-0.6721921883199479,-1.0,-0.02404947197470042,-0.9771208112335059,2.5848576672403363
0.6378692459590285,1.0,0.1579987820933051,0.10345690741103741,0.005064078218928403,0.14122932939938504,-0.2989025841562063
-0.7068492733189556,0.22381738028169765,-0.5340856640127793,-1.0,0.22649130823942487,0.5115267303339228,1.4885229327024025
-0.247238510592375,-0.38462685416828923,1.0,-0.6728754967731476,0.9356088137785568,0.1383843596607639,0.21080476289839734
-0.4653550118989991,-1.0,0.029474713007710464,-0.11538593416153275,1.0,0.07069064844610584,2.1014880871385024
-0.7382767095115226,-1.0,-0.37220657936500046,-1.0,0.0020261178959223303,0.8579495036109109,-2.1409447670948034
-1.0,-1.0,-0.02164652444420323,-1.0,-0.39974342419390163,-0.6349512922465572,1.7574915883518107
-0.391227274446617,-1.0,-0.3785782470739042,-0.6987690836563547,0.3188279071921136,-0.4033278910253299,0.12055768020310892
-0.8456346266440873,-0.009695369437133783,-0.15099644699017706,-1.0,-0.4247028865977327,-1.0,1.7958830919506428
-0.8400581250639891,-1.0,-0.3676545442852921,-0.7947298756648651,0.03948312187486991,-0.7383586089767162,1.9398624494825292
-1.0,-1.0,-1.0,-1.0,1.0,1.0,-1.1119688854917107
-1.0,-0.044301799288178234,-0.5784826687110226,-0.3038476467468687,0.8568256589799707,0.21562176121701515,1.5858195149039327
-0.21512347783567576,-0.7391004855146297,-0.2639106403194984,-1.0,-1.0,-0.5171463869480775,5.339446345318398
0.6921624454428796,1.0,1.0,1.0,0.4951970050316028,-0.3814870673110595,-3.94335051295591
1.0,0.3110719858852342,-0.17876943592152428,1.0,1.0,-0.10800806279943487,-2.1892387957145503
-0.45990941123025225,0.7070343403994946,0.2845794129676906,0.6145009084224025,-0.15086510780034867,-0.4921530607567022,-0.15551293525581208
-1.0,-1.0,-1.0,-0.4325225392267724,-0.12438903714998958,0.567647520026326,-4.169121802608575
-0.27716995431143576,-0.1816972997200177,-0.5087420943930814,-1.0,1.0,0.6880977124457399,4.022332699699293
1.0,0.6580829255481739,0.5173112568605049,0.7685314253337481,0.6255275419879207,0.3977127469721282,-3.586268580945765
-0.9293392856412293,0.7382953118219815,-0.45508307651863666,-0.061923523236942155,-0.31859527121739123,1.0,2.8435643372673107
0.16314853195427959,1.0,0.16018642861785298,1.0,-0.026762756914649688,-0.6665655363195316,0.8759895165029147
0.8159009002798011,0.0404784109769476,-0.22348892513166485,0.8795685662655001,1.0,1.0,2.8794622841538153
-1.0,0.002844831670482162,0.9270883235699166,1.0,0.8579637300786196,0.1826560600340062,-1.2710225043007228
-0.9058745201787693,1.0,-0.3345372663585402,1.0,-0.3081605020589546,-0.6530877131319907,0.4065848015762231
-0.4976476696773547,-0.27106808981273445,0.6222722574937185,1.0,-1.0,-0.811415899595544,0.5960113163390552
-0.6974423386532294,-0.9142995632369008,-0.23210465811481054,-0.8672650585745851,0.6105545847486429,1.0,1.2113814693501872
-1.0,-0.9341645654309296,-1.0,1.0,1.0,1.0,4.357675057556837
-0.6221629244986833,0.3461197016501516,0.40056894229712375,-0.13736101511775411,1.0,-0.40660568242468165,1.789385962494497
0.4017495258311305,-0.5938234508921161,-0.9035414306405316,-0.13205030150402897,1.0,-0.25718781712470684,-2.1154931165995077
0.07385924355151952,0.6196712983583699,1.0,1.0,-0.2390914275025774,1.0,-2.4170906028827304
-0.1772424442233662,0.8802541436899387,1.0,0.5352573415659304,-0.9371768530248803,0.32350355942226183,-4.060884627718148
1.0,1.0,-0.5179114829326165,-0.5422675152259772,0.2993135684207402,0.8321204340791843,4.458403946451416
0.8237502676278562,0.6926340306659602,-0.7789069328018013,-0.7426748682292166,-0.1261686396344956,1.0,6.545150395603963
1.0,0.4674131373875479,0.7264366544307836,0.5884691124696408,0.018875687493236537,1.0,-0.935899918910102
-0.6475814755209656,-0.9704872712361274,-0.24526673009144773,0.4628820588111422,-0.47820839601002474,-0.5273132412921676,-0.728741382283268
0.49378810242137594,1.0,1.0,1.0,-0.636836572027167,-0.38119662047283187,1.2265066215230942
0.365133658813394,-0.9268056115985823,0.43376017051079996,0.07386788958842788,0.11299452884309447,0.23781958478969317,0.40094054081593977
0.5399055292549917,0.7035827468046008,-0.10457351236563545,-0.7714647551980485,-0.44072188196299567,-0.6769819930845318,1.7187746548814364
0.5617727003099965,-0.4242646011453977,-0.009047961844887153,1.0,0.2789611321647738,0.12177375484526687,-0.7187597435145991
0.5338075092369827,0.5288002726881798,1.0,1.0,-0.23013874459017067,-0.9377349287430026,1.7031162738496413
0.5507284121520591,-0.627320612043516,0.9057017531500087,-0.2645550209798676,-1.0,-1.0,6.828682561733049
1.0,1.0,0.5710949929275879,1.0,0.9952417111198859,0.89862232072734,-4.480594857906031
1.0,1.0,0.8128214978310835,0.5551191704757467,1.0,0.021756846746666225,-4.845517415836255
1.0,-0.05948814737357183,-0.43563707466380786,-0.22097029085017372,1.0,-0.25317014565392015,-2.6219963338995758
-1.0,-0.5657067564540146,1.0,0.23725171208085616,-0.7306854211607736,-1.0,1.225045900562038
1.0,0.38130972492928383,0.5655600684948694,0.2188562444660449,0.33153989077367085,1.0,0.1322582574142003
0.33366356457765245,0.22696893485319575,-1.0,-1.0,0.2909142993285671,0.15511934385447534,-0.026006975619176975
1.0,0.11851892182645085,0.08386525947971735,1.0,-1.0,-0.8594344583347611,6.90783103525905
1.0,-0.1536638281831646,-0.3899245200117736,1.0,-0.1920516465137776,-1.0,4.6894495429701974
0.4310874066420971,0.9968183603575504,0.32805302929758695,0.8447257787611968,1.0,-0.6515183988772291,-0.41131069958535355
-0.5149792362961678,-1.0,-0.08079032436400646,-0.5797003161875525,0.5202011680642207,0.12914912269942536,0.04959588970714481
0.617719880703538,0.36448608411483074,1.0,-0.4929055236975261,0.187949743461724,0.6174026339703826,-0.9777955669407811
0.5391502355169391,1.0,0.8480474013526267,1.0,-1.0,-0.30888225564124483,2.776033318143461
0.5068442693390687,1.0,1.0,-0.7080403330004111,0.7786678603993875,-0.8297645953087144,-4.079831767520517
-0.31788307981657804,-0.2499671661587366,-0.29150802513329765,-0.4718996640717165,0.6445512732079248,0.2552284255158466,1.6381454269975553
0.8220218630184077,0.7505428617686637,0.9916877599332184,1.0,-0.15428358343362147,-0.27591469504885735,1.968584722379127
-0.9095838723729492,-1.0,0.14542851750778152,-0.4931197280465743,0.37381281914569797,1.0,-0.13095208776556602
0.8406802504040533,0.6754828446721926,-1.0,0.19718977996833315,-0.10155295373604112,0.9205002280161085,5.265304200637167
-0.5071451342780517,-1.0,-1.0,-1.0,-0.7242557490102629,-1.0,3.9642307990512555
-0.992760514204851,0.29817599033778835,0.330105353265032,0.10683977045481502,-0.14802916993864657,-0.34807708107053226,-0.08845514946424768
0.4880112713689015,-0.12353510922612337,0.23294591184791102,-0.25557735167868373,0.814733888227138,1.0,2.008087990780089
-1.0,-1.0,0.46143042820170677,-0.7211301667504566,1.0,-0.34623271650837345,5.023208615626772
0.39594110969256274,-0.7395650642978726,0.23796213218021806,-0.8598686365953049,1.0,0.6390501614232034,-0.32359785607477676
0.3936251957084477,-0.6696123855881774,1.0,-0.3179798070823543,-1.0,0.0229449521818067,3.5030541459094366
0.31043589483899103,0.397700863907651,0.49091563650689507,0.007974075422127358,-1.0,-1.0,3.69020357887564
0.443947285255166,-0.5510005757307583,-0.15878780505985624,0.7199691859217499,0.09725958328420836,0.026260485522012045,-0.1619321293799117
0.9952438343907267,-0.7470617463475231,-1.0,0.6431458987006936,0.2717744360939014,-0.2134216625869011,-1.9597457126609639
-0.07463917583831448,-0.9733059380092047,-0.08124558359910572,0.6240574689915992,1.0,1.0,4.492859034043743
-0.3239048255351716,-0.2633275778362737,0.3738246556532509,1.0,-1.0,-0.6182917923498328,0.11109427827952867
0.013450350524308596,1.0,-0.010778448704754064,-0.8792223222953092,-0.06738584459177133,-0.975024301262823,-0.6161266765398746
1.0,1.0,0.34871252546401543,1.0,0.9163609678961983,-0.357727571695586,-1.6935936489992947
-1.0,-0.9353836966071845,-1.0,-1.0,0.10484725636236136,0.7105368424838097,-3.9661667177267277
0.9734029801900981,-0.5723512659493837,0.450374274097205,-0.5379278874242996,0.12738040102176962,0.6329210767456221,0.3194422800404294
0.5466069966243203,0.3788507749455556,0.12369377193757691,0.645025906969982,0.5940557957086243,0.05543849802921896,-0.8790405500527222
1.0,0.7760497398564656,0.14183980956910736,1.0,-0.024659377192585874,0.09864702837403794,0.7472196401888144
0.20774820492333335,-0.6655204235488865,0.012637970672412902,0.2971736412404183,0.7952571516676923,1.0,3.219335425938048
-0.14802685729996878,-0.5562337919636056,-1.0,-0.28227540682133534,0.05974315543267694,1.0,5.986048720991216
-0.9864366791083645,0.78130654958316,-1.0,0.7172315525913368,0.15670825175395248,-1.0,6.836719674380492
-0.8108105667128909,-0.5143235625114644,-0.6792272352785076,-1.0,0.3850617545204295,0.37875173169632737,-0.8716105042371424
1.0,1.0,-0.15071758208496383,-0.45073592573802906,-0.5956179715288341,1.0,7.7444267871537935
-0.325639530756437,0.9461066473220345,0.7749403053179719,1.0,-1.0,-0.5146959801767765,0.6962836747554463
0.8703406213739808,0.98921271030365,0.3036332609280427,-0.40328183797528583,-0.30158579615082115,-0.7597113140165097,2.597331182608784
0.06528533013158622,0.026324663990503705,-0.3816754710318724,-0.9129619858855176,0.1292412527446522,-0.029524245780720992,-0.23831288223968022
0.5761038807634917,-0.16175476000733158,0.6656041621010513,0.636971180587388,1.0,1.0,0.129138553529926
-0.7679873771554298,-1.0,-0.5772040305352724,-0.06662572937330435,0.5881030178461051,0.30323907538596845,-0.29180920315587655
-1.0,0.7606258347335983,-0.006105876161288881,0.14326812132312988,-0.9718780037188421,-1.0,-1.520550619557117
-0.9165355334948754,0.29070759305596483,-0.4425488751458431,-1.0,0.6930476354833914,0.8546328738223868,5.816315509787179
1.0,0.9781158341671273,-1.0,0.597031888471672,0.9553180184886623,1.0,2.0045411235642234
-0.9034706999738809,-1.0,0.873796588678946,-1.0,-0.6095787995457909,-0.27399367680176845,2.694339886125224
0.6373748048527896,0.09692384571154347,-0.16947859228585005,0.9581757636735976,1.0,1.0,3.3195975140686054
-0.905838792558988,1.0,0.1746618452817948,1.0,0.20090547708848433,0.008481976524940316,-1.318048449776459
0.28885807253150986,-0.6978717715429361,-1.0,-0.14736467643773743,-1.0,-1.0,2.2726824409585475
1.0,-0.5163118831983802,1.0,1.0,-0.5923887726234639,-0.3371437779238755,4.482051893515134
-1.0,-1.0,1.0,0.3535187577315927,-0.9560908968712613,0.3120504021650161,-1.8925942794594535
1.0,1.0,1.0,1.0,1.0,1.0,-11.202943153448189
-0.05225243419208703,-0.7506765201262597,-0.3436527030365852,-1.0,0.21931400251063052,-0.8598035576145998,3.3570014773133456
1.0,1.0,0.031040783684082474,0.14954035849758562,-1.0,-0.11313294985002043,2.4340145271477454
0.13453284578265928,0.04530005853852834,0.4393788816412366,-0.26286096456543734,0.980318577261486,0.9491206988600978,2.0684920531857944
0.18270227676287562,-0.8982085060599643,-0.6869327380304772,-1.0,-0.0517467590333483,0.28939738890645356,-1.6940455770568827
1.0,1.0,1.0,1.0,1.0,1.0,-10.521964533165548
-0.18368448070263277,-0.25117782284945367,-0.021129840185174276,-1.0,1.0,-0.2673437585940217,3.338361525970012
-0.9564518825377899,0.5728295823201599,0.6592643490030254,-0.17955911203617148,-0.35771315879328425,0.22479362250820858,-1.9653966114202035
-0.6501397487015803,-0.1589193945385572,-1.0,-0.7727043273356914,-1.0,-1.0,2.233146502597609
0.885038527686016,-1.0,-0.0051535943924502225,-0.8636661916143138,1.0,0.608473402704315,-3.8141774086218057
0.0018507133323186764,-0.5494029428797956,0.35913698536515637,-0.10950321532779528,0.8755089281932247,-0.2623900523203945,0.9417718982548589
0.5800938401343254,0.07667704003948839,0.15177129977141413,0.08439460160820289,-0.14260171290172124,0.4943782241721411,1.4061017461005334
-0.6480941011492721,-0.17928679011408838,0.4530113079810031,-0.49221451303803493,1.0,1.0,2.442668832679028
-0.41012964980813743,0.6356352589360985,0.3905139609977722,0.5802401219668571,-0.820331282576948,-0.20551896758028487,-0.7819332665154294
-0.9928523616541951,-0.03133925111011904,-0.21116896949561692,0.8291179460099469,-1.0,-1.0,0.3599689405452985
0.6394677109633482,0.492530743287851,1.0,-0.7394560450865219,0.8884250374862372,-0.5484448222325704,-1.6418757531858463
-0.34807548207460615,-1.0,-1.0,-0.7550823746065176,0.30891076223589387,0.44872215897127343,-3.318667113798418
-0.44773361144311796,0.0444707623480976,-0.049504353041018107,0.5877532917622249,1.0,1.0,6.423266303818602
-1.0,0.7346270487661698,0.7760336255687413,-1.0,0.04848991839912686,0.004597394174172875,-2.489202313811133
-0.4182032958288094,0.8478470855486337,0.07197170947751874,-1.0,-0.3295370400214037,-0.36438922218165126,-1.499466460332758
-1.0,0.004198241294766258,0.058288031359157874,1.0,0.1963233807132597,-0.46001516794284075,1.2666190899477388
-0.4664495470887937,-0.42285221763556935,-1.0,-1.0,-0.43928059997171387,-1.0,3.3263506115720265
0.21749972102606663,-0.021188401484833974,-0.6731980168938025,-0.8121807903337366,0.9758095455693658,0.21031130434083622,-0.6465579740657641
0.6808676947349586,0.8363170399684974,0.12846664249259987,1.0,0.06968974121428972,0.9672986136446232,2.591023680130622
-1.0,-0.3735820137462884,0.18220284058371722,0.02922234730761608,-0.6632202259076871,-0.7848027768210704,-0.48520641449077817
0.6696666964033111,-0.2609965998721689,-1.0,-0.7699834814028106,-0.1435727532884119,-1.0,2.2746045327841866
-0.7449103246912411,0.7341915082426951,1.0,0.6823312122731127,-1.0,0.02830412524794923,-3.121954864465751
-1.0,-0.6846006519205192,-0.9048670456603717,-0.5703864022412894,-0.4088817037022585,-0.005166684694663803,-2.521547386486181
-0.01456557854465923,0.5832455326421443,-0.14624721774790833,-0.5860677619458412,-0.7447203823476836,-0.4066534884695804,0.18827900369396222
0.6592474819147078,0.21530898089755462,1.0,1.0,1.0,-0.2210074961998954,-2.553385998328477
-0.46213994322322693,-0.807775794404032,-0.08902435166366224,-0.7396198719743123,0.28880144806409835,-0.008081120018981647,-0.7511330312409398
-0.6867096276929696,-0.4771527898450376,-1.0,0.09850704051686128,0.49183159952527933,-0.6555561598639792,1.8586569250348737
-1.0,-1.0,-0.9319150195041589,-0.5193665498043887,0.47884341189632607,0.8982780719057806,-1.5617379735423682
0.5817478869795162,0.7215782923662191,1.0,0.04084966602108919,1.0,1.0,-2.327977422488666
0.6685251948474488,-1.0,0.46460658356931495,-0.7914140291537852,0.6385952114888623,1.0,-1.767434631404651
0.5503055646660553,0.6053369985085661,-1.0,-0.8338182866813599,0.561490775449254,1.0,5.319348168278452
1.0,0.7981717460278138,0.8853556984899976,1.0,-0.23025005531017828,-0.4925607963186022,1.9637046169411934
1.0,0.17817472525152311,0.083694826023651,0.3830744996591757,-0.3702187852286254,-0.9878792988902456,5.72178737765033
-1.0,0.11585037506086282,-1.0,-1.0,-0.43848138822131366,0.16323330238447054,-1.6790535144012269
-0.47829746699867925,-1.0,-0.6404516464506147,-0.18673838589698066,-0.8887188237599253,0.5553915000642513,-1.3543626224064722
-0.25010616990685564,1.0,1.0,-0.49913175108304686,-1.0,-0.7932973834807134,-4.927488355145393
0.06947348975355916,0.40564181453765324,0.6857739053927554,0.9438313964201479,-0.13828020588338022,0.14369259963950942,-0.2228367218158005
0.3961721014280588,-0.24013497562810504,-0.47327303115147834,0.21218138575714765,1.0,0.884910976270409,1.0025785724190803
1.0,1.0,-1.0,0.12012855591376113,0.5754911440235895,0.2626586706992406,1.9505404603688
1.0,1.0,0.8786458668262931,-0.13751365528659004,1.0,1.0,-2.7080424652390764
-1.0,-0.9480146500257502,-0.7202842151110538,-0.3863449123932848,0.9689045818860214,-0.42663064929236816,-0.5057797394458209
-1.0,-1.0,-0.24468918098857229,0.5929689305274839,1.0,1.0,4.961572564692136
0.48481673849352674,1.0,0.2798541353771382,0.6682101960319491,-0.6127903844740282,-0.004397399573704941,0.781563482412997
1.0,0.5133410076975369,0.7953486550333104,1.0,0.47042338124025895,-0.294425694309799,-1.4115244277425891
1.0,1.0,0.6068607700403366,-0.289265862913801,-0.053507189241767464,0.4235403047242695,-0.8047366734699317
0.330214029545264,0.2860698527823915,1.0,1.0,0.8911831150657819,1.0,-1.7521117024795398
1.0,1.0,0.4936289610956729,1.0,1.0,0.8185620580071491,-5.363072063926509
0.09945275334416877,-0.09961199334666798,0.14568461103583064,1.0,1.0,0.39491100147928676,0.31442433922938545
0.17681296228535492,0.0809359072923087,0.6981046674861321,-0.42804104085811606,0.6932651974818562,1.0,1.010924124609896
0.28218729376450624,-0.1416395752879426,1.0,0.26654895324672745,0.2699161565942756,1.0,-2.245952761021063
1.0,1.0,0.560753968305356,0.03171616940118516,-0.8708258630854037,-1.0,3.8127333879249994
-0.5658326758787315,-1.0,-1.0,0.20187015256677898,0.6526793419905961,0.3575916096143976,-2.0552940782572353
0.2727365860973714,-0.5842807909990312,-1.0,-1.0,-0.45108811493570344,0.13570839382251165,-0.16813724826493734
0.7451161563672086,0.8012273260101539,1.0,0.4319472647549211,0.015279868984674483,0.9759546115204359,-1.980590505470461
-0.9230439370768972,-1.0,-1.0,-0.3764332112360156,0.8601885047822008,0.2717526545994866,-4.5016029429910684
0.2789205119514664,1.0,1.0,0.9852572844973315,0.037034611661642736,-0.3900688594692984,-2.1779904359944298
0.6841116748964793,1.0,0.16370799315431483,1.0,0.5283756872351048,0.09696307074123295,-2.159260639279123
1.0,1.0,0.6835241306298867,0.5450906141886129,0.013241976442228187,-0.08727916001776113,-1.7530759183830955
-0.3963328276100975,-0.9262748134813512,-0.72419540926631,1.0,-0.6799934476635532,-0.2864553460562768,-2.0952384456323623
-0.05670477925786854,-1.0,-1.0,-0.6839397141446091,-1.0,-0.6676244162127425,1.6910582191147077
-0.9307848025097041,-0.628570241107139,-0.69874999854016,0.23503322660736314,-1.0,-0.1598614168892447,-3.274714165122112
1.0,0.4015018408150206,1.0,1.0,-1.0,0.4020897683846657,1.8014991090530652
-1.0,-0.2378032797056061,-0.4123363849698772,-0.9875410079775544,-0.520946317294514,-0.7430463263337999,0.820393398670948
-0.6050758335561435,-1.0,-1.0,0.0953527117685008,1.0,-0.3642122567650697,-3.2491224332189095
-0.5004469922691633,-0.4425058692313619,-1.0,-1.0,0.39093993759650225,-0.2523469411916732,-0.8744241944875699
-1.0,0.9198244610699875,1.0,1.0,-0.4991229982939921,-0.42548883484450617,-2.454674748405653
0.08013645534988634,-0.5527904538984175,-0.1702927849781689,-0.053303549630779684,-0.246630175030289,-0.10630634567429315,0.8410117677022444
1.0,1.0,0.7016227848335088,0.8058828655967509,0.20340663569929918,0.9578416467832461,-2.588259498877741
-0.06312481072408405,-0.38671379087627455,-1.0,-0.9371155831900628,-0.24211814802492726,-0.782543091234142,1.3608471172971481
0.15238197815948984,0.5533384006371591,0.06879886971700222,-1.0,-0.5400198427743585,0.4736606835172284,2.035554904933473
-0.3930870391375857,-0.3470407373224072,0.8380115485612261,0.0033254024937552362,0.423033399290749,1.0,-0.024100448514637426
0.8946614289373293,-0.028745314765466875,-0.9334835761203613,-0.5203242286836192,-0.7301461714675576,-1.0,5.248450936768385
-0.4182703901080429,-0.5293754928649925,-1.0,-0.25553771946592696,1.0,0.5982966731048115,1.9540329801845422
0.5593131470567221,-0.691291349011813,0.6463060428131362,0.03889283701104235,-0.4616593241268131,-0.1128750625117067,1.5502810687198911
0.24734005454973465,0.29492250153385774,0.883538576603802,1.0,1.0,1.0,-0.7875102568332026
-0.5995801308518021,-1.0,-0.4951351888630338,0.4048722857599567,1.0,0.7051885490498259,2.5423478110160382
1.0,1.0,0.034775157730151385,1.0,-0.3333560210621078,0.39441562554090837,2.0281923665122976
0.6058608631768289,0.6777143789739688,-0.4861724517173481,0.38291253060607755,-1.0,-0.09032857858537957,1.9299743295037162
-0.5511020265823278,-0.7643229207250399,-1.0,-1.0,-0.4598478741802786,-1.0,3.762829625520452
-0.4002598794411495,0.5924437423436666,-0.09767063659934797,0.3092830846598146,-0.71511222219687,-0.7343855049112136,-0.3286229778275316
-0.7329859596953383,-0.04053066721337584,-0.07110068121046176,-0.8442912100997064,0.4828600195306908,0.4939738886774368,1.117639029305023
0.022376042464624657,-0.8473490706335536,1.0,0.9718855690212184,-1.0,-0.537200571211135,0.8572680294298999
0.7914481276437049,0.5312579155379311,-1.0,0.12060305031029975,-0.3436265657557249,-0.1603902922564986,1.2810450797232216
0.20046788987662284,0.18309546075933103,-1.0,0.6268222939520226,1.0,-0.42948768120709246,-2.1415657765597222
-1.0,-0.6841526050048687,-0.40041277763928873,-1.0,-1.0,-1.0,3.4021880302783942
0.01587141403720771,-0.2371924269455996,-0.027488487247164517,-0.06672947523655132,-1.0,-1.0,2.0370807543760168
1.0,0.5622294421696257,1.0,0.029403538066852253,-1.0,-0.3622922429471156,3.6426538357174545
0.7803950597575917,0.0019863394306654514,0.07831362982257628,-0.34292764687405275,-0.5114690722420157,-0.8399278375073599,3.8047968672189607
0.4795970810246221,1.0,-0.5101989779582103,-0.5872188934071327,1.0,1.0,7.96901022242309
0.07662888107834354,-0.8130290003285807,-1.0,1.0,0.6469890790476462,0.8258889178145071,2.7364900361791538
-0.050825411450506675,-0.575957396411827,-0.738390561439084,-1.0,1.0,0.31762426256848797,0.1823007610515281
-0.24613939441636035,1.0,0.03770161587866694,1.0,-0.9735748466009245,0.27008923260163475,0.6265050304639891
-0.2702231963402565,-0.5008685735334448,-0.12156625489901013,-0.8816002921942002,-0.26655217730279857,1.0,1.106363132011804
1.0,0.5491802021415453,0.6406536909871872,0.7238183177954561,-0.6112436579409728,-0.03794544096866587,2.2639739707415436
0.051011834204231166,-1.0,0.06435866428055614,-1.0,-0.8661639130250833,0.046268433757106875,4.408221775416364
0.709369691802956,0.13988097519761933,1.0,0.3458603765204169,-1.0,-0.5783838797692593,3.796049151111561
-0.4980750090148509,0.8422846883565973,-0.7054907949681394,0.7493778805193502,-0.8379492761772033,0.39663088039512073,0.8184310717199095
0.7193797749036955,1.0,-0.6396925761453985,-0.26684932342345963,-1.0,-1.0,4.487203955103747
-0.9100015950614163,-1.0,-0.338203254734025,-1.0,-0.5318747947392352,-0.19159365151630114,-0.5026189836655409
0.49038067585893685,0.0665305329954522,0.3743695170995347,0.557469238985014,-1.0,0.32651523144220906,0.830584259126567
1.0,-0.6615461253065871,0.8259405811299819,0.5334613795720687,1.0,-0.724735924412174,-1.7952647982368475
0.42850133791649037,1.0,1.0,0.2971570406759143,-0.035388408540074745,0.36582104379957336,-2.8406355563076815
-0.6173488933616114,-1.0,-0.8865990751191899,-1.0,-0.986736766644206,-0.08181872538017848,-0.3810921490749937
-0.23116504446545794,1.0,0.9003856528600284,0.7166137551214825,-0.3573118977134002,-1.0,0.03602661433356136
-1.0,-1.0,-0.7049936562128507,-0.9425072955645086,-0.40508906292730096,-1.0,3.507354027648777
0.11786134778288782,-0.17984830415245823,0.3292000605584561,-0.5812507529587717,-0.1080489451651363,-0.478211999663789,1.1978908829333377
1.0,1.0,1.0,1.0,0.47674899751889444,-0.020283452192719098,-5.131685486387378
-1.0,0.2721651155240349,-1.0,-1.0,0.35257572132767934,-0.02237975161136152,-0.28815495905129407
-0.8308059534329442,-0.5420983401913656,0.024039809823339815,-0.6334909831655484,-0.5905528060305703,-0.3788422375697337,0.45470384405514275
-0.15081543248802204,-0.37752846113206573,-0.6815110935435361,0.15745473694258127,-0.17403902173141972,1.0,6.034974347211277
0.13064543800027995,1.0,-0.010822745794223598,0.3836767848286524,0.6531431656686525,-0.09052697869808768,-0.32262542633459607
0.6592632080818774,0.28392972476305667,0.6234894519106825,1.0,-0.3300703394001263,-0.6216206229637566,2.2115921791384867
0.0017579052907155113,1.0,0.4901759063047332,0.4973817755221088,1.0,-0.895691824677343,-0.5976098827253535
-0.5660837665829141,0.5205465030364873,-0.23455559245625401,-0.807001199778786,1.0,0.4686229870297398,4.439772779275409
0.4792803203172076,-0.4002084295801995,0.28041603403300286,1.0,-0.6297990776079657,-0.00887913404363,2.013743972727012
-0.5905093064442288,1.0,1.0,0.060631515942256166,-0.3666736310919769,-1.0,-2.2064347963466644
1.0,1.0,-0.5009808796817907,1.0,-0.9773791275288395,0.6635068036143976,8.832336212131269
0.4166353854298247,-0.5969898103044822,-1.0,1.0,-0.14153445096770206,-0.9297614525707798,0.8410380371846732
-0.4093208843650722,-0.6969942908513219,-1.0,-1.0,1.0,-0.02728526282127383,-2.1115899203101782
0.9356385280040541,0.5892293354196998,-0.11668390771643544,0.2529389711919392,0.9620061402443543,-0.19248088640230754,-0.7895478212893768
0.09305946266621656,-0.8408225819724088,0.24733495211455714,-1.0,0.9159747419987004,-1.0,6.689670836620011
0.05990232244733862,-1.0,0.0656391079084866,-0.07655699013359768,-1.0,0.3646521163024916,2.0089074711560166
-0.8408630614885553,-1.0,-0.33471618955278337,-1.0,0.566463419246462,0.17582739092630617,-1.8523942535352318
-0.26815842475526097,-0.15265897194686007,-0.6414255900590853,-0.2071968850307417,-0.84271802131057,-1.0,0.13964807407527968
0.9241664008644344,-0.7155010491850606,0.37312981176481164,0.8607271768571017,0.9951621567039021,0.40212969438678847,-2.8236107722186095
0.8122559180239195,0.26188225676173804,1.0,1.0,0.9252976789265571,1.0,-5.1479580347302605
-0.5374822752338492,-0.9156573024287888,0.8173492312098918,0.42734617160918426,-0.44475502359947816,-0.7372734496935665,1.6071176139044154
0.2426581855966189,0.026334312270902993,-0.14469788462251226,-0.20808538164462442,1.0,1.0,4.218518599499247
1.0,0.8650740254946028,0.6777929372478422,1.0,-0.11193456838950155,-0.47911937273573724,1.3892429601418932
-0.17360501168414816,1.0,-0.03378731489627829,1.0,-0.44642809016287677,0.46590122552803137,-0.03911546788010922
0.7126371826467266,-0.16993662799121917,0.4367081137678517,0.49824530369549747,-0.4172857945254027,-0.48759878822558955,2.244245124459909
1.0,0.07326194876535774,0.8142556725688544,0.23182372063097278,1.0,1.0,-3.6572903836967106
-0.8782950222297027,-0.005204439803746519,0.8259728217240725,0.424778686540031,0.4523767608692839,0.5041458652848667,-0.15031719930400322
0.28889682777514825,0.3794980883211754,0.3657385207993593,0.016204832208821296,0.02665498154003121,0.8177136059054009,1.19463815447768
-1.0,-0.4182644989187365,-1.0,-0.2754986265745276,0.33645113971404184,0.3495551810400485,-0.5741964654874849
0.8863814030353574,-0.2989766460387522,-0.713806601523278,0.36051697078994016,0.18003578390774466,-0.6687809239438796,0.019065620876201006
-0.4424157224795954,-0.9221354733421565,-1.0,-1.0,-0.41175787425857235,-1.0,2.672499182875592
1.0,0.9622482824029654,0.9457500194393456,0.2845746532287259,0.18942753162912318,0.09158647998160907,-2.8890235170136447
1.0,0.9339306828571649,0.1508658482803511,1.0,0.41072530427605636,0.4990934522520293,-0.7501901320414572
0.968035442427601,-0.2971656166436391,-0.07927372631210405,0.4103201989434254,0.4166049475725335,0.4892582350375896,-1.4984614606826168
-1.0,-1.0,0.0037731271263180544,0.13569583530365403,0.8094592079048308,-0.6440327952195466,4.632020557714908
0.33352952190739227,0.5441729821791979,0.7943621331356907,1.0,-1.0,-0.9515507315032319,4.583530578093331
0.6034520400363563,1.0,-0.7728864984623331,1.0,-1.0,-1.0,8.336899174197821
-1.0,-1.0,-0.31799476423118844,-1.0,0.03192038668753483,-1.0,3.90784610985226
1.0,0.8887597678496899,0.5571097548319905,1.0,0.03350063469152598,1.0,0.45373952474341883
0.006806122857182295,0.6327564727846325,0.5338795741000986,0.8145569870367178,0.7703179418210693,0.08106900541682228,-0.14408017862467815
0.394822357556708,0.3008760922487266,-1.0,-0.7204226234371409,-0.06485303237257216,0.35629493487867514,-0.07878938863579177
-0.31017089693701555,1.0,-1.0,0.3959930417345467,0.35173686777832924,0.8438444515270347,9.29642049939894
-0.11184504440460424,-0.11506815388670821,-1.0,-0.6004598482959032,0.43625046955266067,0.21751132512068305,0.21541905956759944
-0.35798764947694983,-0.1765213244137025,-0.20318125226178724,-0.7168800019994915,-0.15875847156594247,-1.0,3.566383749798595
-0.22304240718538138,0.7817116738373892,0.6071551056903783,1.0,-1.0,-1.0,3.4107193894802275
-1.0,-1.0,-0.1431220924692731,-0.8818540902787926,-0.2263488738356677,1.0,-2.3996429419676426
1.0,1.0,0.12303467213899721,0.8162754547574746,-0.3528585495854304,0.36013155636249916,2.026407408930569
-0.6819138146253501,-1.0,0.2185041110398156,0.9138477443497853,1.0,-0.5304617628893018,1.2302471309591116
0.6034459631476308,1.0,-1.0,0.05210682302555869,0.3053841276692151,0.18782330944131753,2.208876614584234
0.8144679837878919,1.0,-1.0,1.0,0.3440144906727427,-0.289835569454743,0.6584687340766969
-0.1354608219536967,0.5561356947085021,-0.056844132019007565,-0.08315633111635345,-0.2728173472382791,-1.0,1.998915099429564
-0.6494042975436293,0.10443246485474156,-1.0,-1.0,-0.5266082136764616,-0.38596274302775746,-1.89532996791589
-0.8337109713931615,-0.33538533734816117,-0.4606640459781449,-0.2738870781069237,-0.10101324633376857,-0.08429386681868012,-0.6296307692282355
-0.001170182702559891,0.5489787821931623,0.18806970965128467,0.1793646022918155,-0.2918456013589559,0.7811948330403775,1.7346792078253814
-0.22000504267277754,0.5878128387802769,1.0,0.6061244066609143,0.6220005670030162,0.6424530781072779,-2.1114760227612015
1.0,1.0,1.0,0.5049272123549469,-0.353508056170417,0.4446666669967466,-0.6354056952294141
-0.6202430089922641,-0.8029113011339899,0.9705221276796095,-0.4438616276116243,0.6076247686347085,1.0,-1.3783518550284213
-0.7383520635148999,-0.2961601432795844,-0.6953836837796854,-0.872645591685242,-0.044547292847523234,-0.2858191727188575,-0.2652868164746024
-0.4605956878066314,-0.10942421835316465,0.17855530532884512,-0.7783508025454985,-1.0,0.5740973073930471,0.013612953121262206
0.05257112479758205,0.5380791122054585,-0.06442826845927985,-0.4052737242868254,-0.5802360484502307,0.13909734214788028,0.9376001102999372
1.0,-0.3955598375071138,-0.362580923393192,-0.11441578121731022,-1.0,-1.0,7.0117655977242075
-0.5940342534043178,0.18866598154276215,-1.0,-0.9813054699419212,-1.0,-1.0,-0.47072344853852155
-1.0,-0.19815320306379225,1.0,0.10559530685905433,-1.0,-0.5782023065540003,-1.7536137227762363
1.0,-1.0,0.13135429107622926,0.05545884861648109,0.9798267148172282,-0.31880852627491774,-1.6955290955091098
-0.020502540397032365,0.07218219869127007,0.8114603282433153,-0.3968145498024418,-0.1934276549500371,-0.20689517682030467,0.39631704797120926
-0.8850286421503011,0.6887753231583146,-1.0,-1.0,0.7093811515355107,1.0,11.26438558979424
-0.44074518339936675,-1.0,-1.0,-1.0,-1.0,-1.0,5.224027839740046
-0.9668104182303243,-0.49162821944056656,0.7190716488233783,1.0,-0.6417310828398157,-1.0,-0.15058563761104038
0.4087545380542945,1.0,0.8720048508644678,1.0,1.0,-0.456715922486837,-5.390566700250024
-0.37485489417682716,0.31681193603449787,1.0,0.08544261960611133,0.5270875678399171,0.23812406793379237,-0.16771250833840584
-1.0,-1.0,0.1745727574260948,-0.7539683628301364,0.16888628626766877,-0.3323912094167534,1.4221546134064478
-0.07933160138842871,-0.9376950203060421,0.9366320266337447,-0.8483289409511604,-0.012895597513778612,-0.17872051400199795,1.951848895097347
-1.0,-0.8358969038806657,-0.22632395583511955,-1.0,-1.0,-1.0,5.081817161257289
-0.4369274231416867,-0.7486372634876304,-0.18930745449453945,-1.0,0.1678332723584195,-0.04828877420358338,-1.090468323977579
-0.9302882538830458,-0.7256335708542379,-1.0,-0.8813692702579827,0.1984120203456632,0.7726682545922794,-0.9304204269346639
-0.41898577524437564,1.0,-0.663517447400998,0.17417302426321257,-0.6259953237928826,1.0,7.275057597421466
-0.019649744591806684,-0.8903333994033396,0.17689503801784623,-0.4940448358452625,1.0,0.6494043320320211,0.9502741633598945
1.0,1.0,0.10457327183933374,1.0,1.0,-0.6887909746669905,0.5722880341641129
-0.47696784782791557,-1.0,-0.797617754978464,-0.2650029351569594,-1.0,0.846379217106346,0.4613908380736616
0.3775741041192676,-0.162443201784756,0.49177943157322324,-0.061287373092136,0.09986988579596318,-1.0,4.424132727073167
-0.7668273610164467,0.6571882710428949,-0.041671784503470644,-1.0,-0.216764778678865,-1.0,-0.5723103808543568
-0.5501078080608741,1.0,0.10533364716760163,-0.8567913847779387,-0.04310593782348193,0.5419508575600639,1.783366939317395
-0.5986352772279088,1.0,0.05521614171803807,0.2561586462803229,1.0,0.8038342600182933,4.8965401223117695
-0.5985736713897665,1.0,0.02658407523047019,0.5056072101249531,-0.8658964520815062,-1.0,0.8029494867352903
-0.34987168874006414,-1.0,-0.8490028768524291,-0.4059823006491654,-0.8602295570998809,-1.0,1.881216961474382
0.2775089160677214,-0.45293507942832834,0.10815125350272853,0.6958186443383216,1.0,0.7256580753914661,1.3594546768610425
-1.0,-0.6975702535119351,-1.0,0.562325844193734,0.40834430078872597,-0.2985114625359402,-3.5327300327458753
-0.03889304850648423,-0.9066952723861983,-1.0,-1.0,0.2885201509159341,0.5751911958168745,-2.337451897311994
-0.22594818560731833,0.730251732933278,-0.05212427337698086,0.42566898332315833,0.8562296390117423,0.22718942739583797,1.7305872235144415
-0.31216494682534135,1.0,0.004780324199997521,0.8212898527401178,1.0,-0.49942730291448334,0.8977570646907882
-1.0,-0.7674008948950418,0.3036140980124878,0.39359748081157003,1.0,-0.10947942803729144,3.541759892111164
-0.8102248754263793,-0.27990800090075807,-1.0,-1.0,-0.4992173720742543,-1.0,4.093648556880583
0.14388727472970353,1.0,1.0,1.0,-0.6769274143519152,-0.5207128988631395,-0.8173299911498372
-0.6431691195920641,0.05754785739088908,-0.008406640775132035,0.4758513287700772,0.10493717417855136,-0.6555092842858088,0.9190316964628259
0.7217036613470302,-0.3749709513024407,0.26079149140146096,0.08770201739199884,0.5878340630972541,-0.2841898016171715,-0.9322356646838865
0.44890785611556266,0.002104756403877972,-0.048049028503959756,-0.3901783661402072,-0.21255492939319343,-0.08773575921064714,1.0098296065109107
0.5470106303982387,-0.09017035875000298,0.25320492659651395,-0.13616312653587614,-1.0,-1.0,4.905601521747213
-0.340971129654391,-1.0,0.19285669874870215,1.0,0.06805657466753556,0.366536266009017,0.6676303705677541
1.0,0.029160424200427748,0.2934575978489651,1.0,-0.3525163978197935,-0.3860307916713781,2.3777269021316445
0.8785915876770276,0.5741061636621076,1.0,0.41134087100638306,0.13846995340928675,-1.0,1.1791010094030963
-0.07746496897775501,-0.3752280871193199,0.8524812692681862,0.5587235567175755,-0.4814653325478855,-0.15331734959696375,-0.7412993106349068
0.06844738929345662,1.0,0.10257439624202143,1.0,0.17450002751312338,-0.7012821734938939,1.4453919363761139
1.0,0.5187562532716481,0.37849268402262837,0.6557312782518953,0.2996604607935248,-0.5302758915205061,1.1298744595153694
0.3349365065506481,-0.030314596220468726,-0.35550444830777583,-0.7957639601165182,-0.6213000288881081,-0.11174293677663494,1.6300294121660042
0.19816691084259103,-1.0,1.0,0.38104139048308566,-0.11842159177966918,0.62938187649971,0.8768414076631026
0.9610549473602339,1.0,1.0,1.0,0.30551389771016685,-0.06293196051572947,-3.980665159526817
1.0,1.0,0.6956025974942415,1.0,1.0,1.0,-5.577319603421148
-1.0,-1.0,-0.5631084145049293,0.10059871021689748,-0.7608344313425722,-0.4716136395664091,-2.2535355432883337
-1.0,-1.0,-1.0,-1.0,-0.33698236262304304,1.0,-1.9764044020168594
0.04579930922462738,1.0,0.027734246802147533,0.7959468374999121,0.6111592138972628,0.6177432978474588,0.10784387389251598
0.6092107194409482,-0.5600914833910956,0.59149270924129,-0.615597166849755,-0.5279507104578681,1.0,2.394044008840859
-1.0,-0.39543592668120386,-1.0,-1.0,1.0,1.0,5.790524975571465
-1.0,-0.2802301984163009,-0.6437753156458367,-1.0,1.0,0.9953178860022682,7.323572768890373
-1.0,-1.0,-0.20403504668684702,-1.0,0.4431618585763528,0.6581080010608773,-2.610200924215611
-0.6482807404214278,-1.0,0.6979760559907515,-0.2853803804338074,-0.3807558085637368,-0.1478085910571565,0.9672635389562716
-1.0,0.13007419896959427,0.6498591754605758,1.0,0.13624702798928912,-1.0,3.035642518128176
0.2542720633279427,0.6107363055010664,-0.19236935977037356,0.4866625679550521,0.29842945797786696,1.0,3.3399522452436687
0.8689509023171702,1.0,1.0,1.0,0.19357451906986123,-0.6404413608494474,-1.543273224312655
-0.20375842252820242,-1.0,1.0,-0.7416129687360296,-0.9121074124615443,-0.8650900075852864,7.748380825825036
0.08129675716846649,0.20623418067798727,0.23587596460812998,-1.0,0.9759165653087525,1.0,5.220964811702248
0.3671215313141031,0.5192746385671655,-1.0,1.0,-1.0,-1.0,4.38222004782241
-1.0,-0.09789260676426781,-1.0,-0.656731918408771,-0.02775306311215875,-0.12586464559568422,-2.1592375223136306
0.37345618916850065,1.0,0.03902459800896896,1.0,0.5307527378085214,0.09078363469836537,-1.219160340358957
-0.11133122556108699,-0.8413290176284787,-1.0,-1.0,1.0,0.2208216903386826,-3.7328810212094954
-1.0,-0.5094958387126074,-1.0,-0.24915581871976333,-0.2106486705761016,-1.0,5.988615734643438
0.2501113563707862,-0.27950404221462627,0.05629814318746457,0.6030304270265466,0.49700510239640106,1.0,3.888504067697471
1.0,0.8743603504276694,0.7883860049941389,1.0,-0.2261576630475421,-0.02307590898023141,0.3285073021198814
1.0,0.7377923542481521,-1.0,0.22534905072800548,1.0,1.0,1.594691443450203
-0.8812688591557694,-1.0,-0.9139155553342626,-0.35075014692345213,-0.5026176356994718,-0.42791626875261424,-2.9904746926769805
-0.2726844070845025,-1.0,-1.0,0.377860301877728,-1.0,-1.0,-0.5201540540286286
0.15302700020801563,-0.41429047803377056,1.0,-0.46985490121469486,-0.5277634475320727,-1.0,3.9921593061675638
0.28373667416839576,-0.40378038823146545,0.14999858543082434,-1.0,-0.42574356037173794,0.49242889820203706,0.7894793206384516
-1.0,-0.152371460248391,-1.0,-0.5882754276396795,-0.2888665566825238,-0.4313568704579076,-0.6930902868103073
-0.8825319219356038,-0.151906729164699,-0.8640115402409261,-1.0,-1.0,-0.03375899911270763,-0.7629839475508204
0.06090887314937096,-0.8875425012328213,0.41205202476970726,-0.7188514305265955,-1.0,-0.8713910032968258,7.077248147555921
-0.9404162733226451,-0.8081320396991305,-1.0,-1.0,-0.6911698712452929,-1.0,5.034836134500134
-1.0,-0.2733045762406267,-0.04870511278504075,-0.8101655041664519,0.6041228970715216,-0.3671410354003739,3.4135579198051174
-1.0,-0.4391790819525515,-0.9776953452409867,-1.0,-1.0,-0.5549654536354516,0.4401141508445606
-0.749670894038974,-0.10455438975356235,-1.0,-1.0,1.0,-1.0,6.328407740687687
0.44945322810108046,0.9662546853963103,0.9502231720155363,1.0,-0.11803097225733683,-0.08201995014695973,-2.218793916027743
0.6737005158449663,-1.0,0.019116253837821895,-0.31296864198012536,-0.41399734190552606,-1.0,6.7581531383548725
0.3660689190327673,-0.6782403649918071,0.19317989205898356,-0.3598106938628299,1.0,0.7973506030079591,-1.5990285857404376
0.21992344939921882,0.591598232581973,1.0,-0.19681971821612332,-1.0,-1.0,-0.4603349584441837
1.0,0.5005801070586782,1.0,-0.46064072935579453,-0.6875000965376342,-1.0,3.892340424494655
-0.32921576348136283,0.8898028862209253,-0.04606652606141087,-0.11842133158357693,1.0,-1.0,2.9157226090290673
-0.21095433936788777,0.08268760327591701,0.8499379360599362,-1.0,0.6331323618153885,0.9302284338094766,0.08855722165697816
0.6608225837437757,1.0,0.2635664565217747,-0.05743198507495417,-0.11349704240323982,0.8171696664196846,1.5518210127868124
-0.5456944805621482,-0.10210471723041992,0.12681346978699293,-0.6453460372489103,-1.0,-0.6184030187548248,-0.5179892775144087
-1.0,-1.0,-1.0,-1.0,-0.3373425856290544,-0.01721413269361005,-5.661091109869141
-1.0,0.18468266194610683,-1.0,-0.4590011486728696,-1.0,-1.0,0.5762042333315612
-0.3567145663675132,-0.65953693914925,1.0,0.4534587100966473,0.4342230338039711,1.0,-0.9543624351489245
0.9883144357165377,-0.11519608518835428,-0.8118003602484748,0.6487860964280873,-0.43665283561428725,-0.6401824743949014,1.840809881349944
0.5324277291534377,0.9501932767448762,0.8109097897394886,1.0,0.8958089243744868,-1.0,-2.52720368209263
-0.37610568031437885,1.0,0.6047309091203491,0.1904508181369282,-1.0,-0.619043355621722,-1.6400493009357637
-0.28180107964026296,-0.3110707844327212,-0.8526723686640281,0.04906588837670356,-1.0,0.0043565594449181955,-1.589350627757065
-0.8191053341708918,-0.7577203912908987,-1.0,-1.0,0.9069334773537616,-0.4624194216734714,-1.6904538995614526
-1.0,-0.49443343391454464,-1.0,-0.7365022866601523,-1.0,-0.8378590893615558,1.4692856870670652
1.0,-1.0,0.38329826020160085,0.9868432980432442,-0.10831525269872844,-1.0,7.335170288416917
0.20588668343077143,0.7252963600752027,-0.1976355537913996,0.7533141358297976,0.4672355399374991,0.8425885230717456,2.625444999955143
-0.78038000173772,1.0,0.15227626357713178,0.6792508869337548,0.31973299973989877,1.0,1.2416110703004144
-0.5270154015810095,-0.6052619658054699,-1.0,-1.0,-0.38921228662374174,0.0679279160439962,-2.3731291306749895
0.5412504643193117,0.05626752909263921,0.31546364669866445,0.10078934944987383,-1.0,0.8956606552196315,3.66227006602361
1.0,0.2927040221781394,1.0,0.33928760662876933,0.4968596287889073,-0.46592616993648567,-0.16099987367134266
-0.5959784646266033,1.0,0.03504938230893462,-0.35760744877039874,-1.0,-1.0,-2.2598262142364103
0.3122862929392872,-1.0,-0.9913252685160481,-0.3613831088684323,-1.0,0.5418267882365215,1.0839421391540305
0.34726548255549305,1.0,1.0,1.0,1.0,-0.4938014100843099,-5.103774322608478
-1.0,-1.0,-0.7628537662790877,-1.0,-0.026257550525359052,-1.0,3.9687878489519526
-0.023252020044376098,0.36660657640771593,1.0,0.7801141295343306,-0.3224755987977327,0.4920273756320443,-1.561239114537927
-0.803060336180045,1.0,-0.12936744225990204,0.8286289527946771,-1.0,-0.363124620206249,-0.7115973098294238
0.43965870305250465,-1.0,-0.16027732912574294,-0.7421360107036189,-1.0,-0.11905513525142664,5.199365911775489
0.6352906326065099,0.5273645634232744,1.0,0.7587045507113384,-0.2872475632695979,1.0,-2.224857995452529
1.0,1.0,1.0,0.748744398700889,0.4946339967273855,0.1915116221191291,-5.757975758351228
-1.0,-0.5999584561612323,-1.0,-0.38895997989483533,0.9014938879669989,-0.774845155980549,2.2433888447978974
0.6509784595488166,0.7638922467813114,1.0,0.5545826335011586,-0.865910359400138,-0.9203709713442862,3.4995593296458614
-0.05363021319173522,0.2092507612146033,-0.17836838361341512,-0.20988949230735554,-0.48180487401540045,0.7808618924575152,1.3047398421919172
0.19316881621985016,0.36413826758905027,-1.0,-1.0,0.234139030695787,-1.0,-0.35163197115925093
-0.5085731098168785,0.19492664399234283,-0.6205885077883692,-0.16547358518174082,0.12175056128716527,-1.0,3.243207102754866
0.5120061592959387,1.0,0.9226265275955203,0.6867135720289639,-1.0,-0.5771006157474872,2.106558824105417
0.8708446550580384,-1.0,0.5372818360111042,-1.0,-1.0,-0.5757193932211837,14.534310784144187
0.3265664170815501,0.15020358873847617,-0.29561109470671654,-1.0,-1.0,-1.0,3.6213256766464146
-0.554890107432475,-0.4806721117740055,-0.35848880947500866,0.8297298355474221,-0.6670634922356029,-0.72224949980306,-0.29670775386231035
0.08708882237708782,-0.2347954305860042,-0.5307456159338727,0.7454707547585819,-0.673652917153887,-0.24978045191911624,0.6121134834467088
-0.7982715422446636,-0.3518559561227228,-1.0,-0.14163072463296483,0.3868233210759695,0.3176519134817757,0.4844056138359239
-1.0,0.8169740974077851,-1.0,-0.19190837946174547,1.0,1.0,12.974309891649987
0.9717041867896421,1.0,0.25022885617773905,1.0,-0.40713383688644184,-0.8764739828997514,6.6362716761267
-0.7780755685909755,-0.3720869786131462,-0.6120006916012579,0.03977478731947692,0.025986331573342347,0.7325871731297433,2.1496583596612524
-0.29613955870006287,-0.09411849743447698,0.6996777802230346,0.5855269876461144,-0.468205159473463,-0.10447695248022026,-0.6281220935530305
0.8268925016997375,1.0,0.005042326661684582,1.0,0.1054201089059521,1.0,2.384542727134247
1.0,-0.1591124821189768,1.0,0.8620713875103307,-1.0,-1.0,8.421832144263629
0.4489755773869162,0.8899700628692808,0.43908023531309426,0.22799335229850073,-0.09408895826070918,1.0,2.163000846957058
0.5660115276651283,0.4069216686559928,-0.23585096157227073,-0.8151737081978331,-0.4715411427420016,0.1546695539676074,1.177087632552687
-0.9820441434726666,-0.0846145446388773,-1.0,-1.0,0.19818596831974467,0.15711512652846016,-1.4046571336449172
-0.4576422252033122,-0.13745792332276277,-0.2173286894098726,0.5162733075345312,-0.641896709535101,0.8865330462380696,0.49931233820408183
-0.4812743484172276,0.3501865185488705,0.6914429775892065,-0.037214476153137055,0.49063203618164564,0.8755321294381846,0.9465094876078122
-0.542120708202234,-0.2984162075967598,0.8437236946683475,0.3939171097942902,0.11424204600165694,-0.057716532486708494,-0.12513175552737774
-1.0,-0.48160652890132744,-0.03912995822923593,-0.09941799406576435,1.0,1.0,5.468768339179909
-1.0,-1.0,-1.0,-0.4814353625079295,0.053274728046684094,-0.8558026653398332,1.7121095055310898
-0.8751333728236592,-0.8969572020017287,-0.2643523516653963,-0.6071916093588688,1.0,0.5582216966510578,1.9603796263954407
-1.0,-1.0,-1.0,-1.0,-0.309001592465146,0.8154311126386729,-3.7334372598432366
-1.0,-0.6595398799723327,-0.9052226328227551,-1.0,-0.8640941927152328,-0.2628066482831535,-0.8395391865508401
0.502767488303813,0.2716977936757603,0.5307719959146561,1.0,-0.6736644890113483,-1.0,5.703852093490374
0.32196807855267084,-1.0,-0.5631233694989098,-0.3445443504033221,-0.5587687922420319,-0.6682438473154626,1.7988221094678383
-0.46414738719344767,1.0,0.23880677332991873,0.8703978484484928,-1.0,-1.0,2.9006503975234303
-1.0,-1.0,-0.14800444785211886,-1.0,-0.6256955062652957,0.325679450560963,-1.7512417901884496
1.0,0.48700037093312876,1.0,0.3946149157773482,0.6615264346123685,-0.48075631586250955,-0.5467687669705757
0.769321656203203,0.17145945696013665,0.35804169424622834,0.40096732275063474,-0.9332480316332776,-0.5073707253480364,2.7454502760075483
0.5261337028711331,1.0,1.0,0.9435968921215625,0.167001308898707,-0.8050336484222138,-1.5326413182679735
1.0,-0.20285994559830117,0.008818100307967869,1.0,1.0,1.0,1.2687856635476227
-1.0,-0.30706957566997983,0.04164283207928998,0.1641157110199586,-1.0,0.44165745290236486,-2.4536977294257145
1.0,1.0,1.0,0.6118839643881813,0.8843466230665928,-0.9288827623716895,-4.347330236047225
-0.8139036718049457,-0.7065927146436901,-0.9013902768830737,-0.0024036305634616006,1.0,0.5536433472575724,0.5875165320386255
1.0,1.0,1.0,1.0,0.7158188872664518,0.1782273833381387,-7.576405680297366
1.0,1.0,0.43752135764475697,0.5490865620207833,-0.05640567836476229,1.0,1.5269439877622966
-0.09677272700225903,0.06865895747583275,-1.0,-0.28753429749553727,-0.5423663810048083,-1.0,2.1134393957340514
-0.39871488509672176,1.0,-0.23876379727806196,-0.5132796003883922,0.1266169495735383,0.9780210037504051,5.91275548240495
0.6725428411940433,1.0,0.4220867413907346,0.20663622315494368,-1.0,0.4909033921749568,1.6428520477688837
-0.28868378799150096,-1.0,-0.8846511178363884,-0.1998279645526262,-0.498988740166319,-0.388975255667473,-2.4921026754973843
0.8004735320384776,0.12817306389263283,1.0,-0.1670050302323916,0.4524822037976869,0.3584475310387798,-2.3211391109741397
0.8401027892256943,-0.3193804464788966,1.0,1.0,-0.2558549520928386,-0.016523036506768007,-0.012324704002704634
-0.1695527296907549,1.0,0.14377854628005549,-0.7169415014988598,0.2948884149297538,0.19031190522761188,0.13147507651318313
0.7215127811582346,0.587800196870349,-0.624391591328997,0.9108675167751367,-0.9063207959640673,0.09922187291074192,3.8816799933697816
1.0,0.9896876923115552,0.3124815575970914,0.06661048561943406,0.3319547955716056,-1.0,1.9938288782725773
1.0,1.0,1.0,1.0,-0.5150326899342783,0.5748694843924994,-0.16881838239931185
-0.6745919591835188,-1.0,1.0,0.0697800321321026,0.9520256044932316,1.0,1.426618274811576
1.0,1.0,1.0,0.6871571654523064,-0.42847044972723825,-0.709169999886309,1.688509211953772
0.9838711682600371,-0.5075187578276871,0.5855378202850241,-0.02510558763284415,0.6810838192889135,-0.6251906256686242,0.3251596299208261
-0.30141944172954593,-1.0,-0.4336490409879106,-0.29015318345034846,-1.0,-0.6439899073761308,1.017628488183152
-0.5518790977902857,0.22733581213953835,-1.0,0.4619442596995534,-1.0,-0.5538374262565079,-1.45026671753127
-1.0,-0.7942967780185775,-0.3670464452663902,-0.6348887839997852,0.719895484837947,-0.45664586814172936,1.5300371836945983
-0.06085219233820771,-1.0,-1.0,-0.1677169888186183,-0.836387640388732,-0.06949214938038141,-1.701701531562324
-0.25436367531609394,-0.19531026071239227,1.0,1.0,-0.709218972804665,-0.5204876760986488,-0.7772144746187208
-0.6041616304578439,1.0,1.0,1.0,-0.09197163497353533,-0.4043540299053947,-2.8488661963455
-0.39023396686282075,-0.03711578065072883,-0.024722207057007006,-1.0,-0.9653152149755262,-0.35145000456622094,1.1970371033187777
0.7935876162965971,1.0,1.0,1.0,0.2181560523362589,-0.18178610174769302,-3.4111925656954103
-1.0,-0.21975146261464418,-0.4259223600917802,-0.8396298843994896,-0.8728229023149725,-1.0,1.2442432718503371
-0.4505863379397984,-0.35073525976347164,-0.1822907628037972,-0.04133908699326294,1.0,-1.0,4.374647460024997
1.0,-0.2962676127073158,-0.11046629374839334,-0.3778325301277973,-1.0,0.13101092326901287,2.777472231457654
-0.5437975305893088,-1.0,-1.0,-0.017003853425529902,-1.0,-0.47727529821852593,-3.0092378688417334
-0.2912945902482216,-1.0,-0.885581213810738,-1.0,-0.20469644453480068,0.9276909896846902,-0.37909008265643607
-0.6937200881639537,-0.24250311603299607,-0.9848305657729588,-0.9370628622750221,0.7548657964354092,-0.11040736397371598,-0.4033865617796135
0.7530840647841965,-1.0,-0.29629565473018515,0.22447877190451285,-0.13242071659905763,-0.05329224468923033,-0.9297042633973647
0.7771907169791263,-0.0834973116206196,-0.4575728695077811,-0.015407098277940762,-0.9901126311934705,0.49029808705842864,3.076139741980339
0.20193501626161225,-0.5402168084845411,-1.0,0.6343333034082592,0.6828476153232402,0.30637276953594883,-0.4110853966598097
1.0,0.2177554902888491,0.9532406061898757,0.658004234173158,-0.4028851532232323,0.8738285535280578,-0.3952974030348301
-1.0,-1.0,-1.0,-1.0,-1.0,-0.04009061924015911,-2.256412701484532
0.5533531843139315,-1.0,0.14722628258460838,-0.9100944763461235,0.11497046653758111,-0.49495273169768317,2.4974421581274213
-0.5857400576025256,0.2334833128630332,-0.6506400024761226,0.19239796842125734,-1.0,-1.0,-0.350698648460327
0.4852571451666433,0.0817775753888269,-0.3926764518907927,-0.7435458369956036,-0.6729750655714133,-0.8609766430152693,2.0428278368171453
0.794917667675487,0.5503120619085802,1.0,1.0,-0.006048709289476477,0.9548580096808179,-3.028865093008949
1.0,0.8938018971628057,1.0,1.0,0.98863354596549,-0.21942778604470592,-5.968118524795479
-0.7201891676207426,-0.8951493593953199,-1.0,-1.0,1.0,1.0,0.4316307920199077
0.5090246875424793,1.0,0.5763151788807632,0.4951739978755887,-1.0,0.544982960558114,0.6995214921618683
0.5200237823887832,0.4016293976872809,0.3634140978901216,-0.3369280956237042,-0.178755447162778,0.35813017688230286,0.04806431117327781
-1.0,-1.0,-0.6485042515110799,-0.762833730028815,-0.36213614796454197,-1.0,2.9256398220634123
-1.0,-1.0,-1.0,-0.6081252777859787,1.0,0.794454095578256,-2.449306089468888
-0.23071932399307266,-0.5006861815531178,0.11247000299698173,-1.0,-1.0,-0.33838594250996024,3.2468621107193663
-1.0,-0.8045332560235046,-1.0,-1.0,0.6700463992355187,-0.25661940732865973,-5.258139020789649
-0.42448461581783264,1.0,-0.5046813466603707,1.0,0.3838554584730664,-1.0,3.3529051174412303
0.6439612666602598,0.8811666498759758,-0.8403743887436101,1.0,-0.8902412515445621,-0.19412458923481557,3.084570423988109
1.0,1.0,-1.0,1.0,-0.47200825808549807,-1.0,9.05694791955386
-0.27641216471644847,-0.523140550047591,-1.0,-1.0,-0.12902581531796842,1.0,3.427991192833098
0.3845306411847309,0.7792517307102016,1.0,0.7672291768222131,0.04460434015583692,-0.8141560813333784,0.6550882025525971
0.26261187669122954,-0.40819313806698554,0.2835393281836605,0.1885713448503968,-0.9751449143425615,-0.5218606661766285,1.7601378152299971
1.0,0.8415471597334157,0.0512196573865058,0.4801610772722418,0.07287325519862942,0.2502172032750365,-0.18629686642269852
-1.0,0.07499579700288275,0.1721762014687338,0.23948253962891927,1.0,0.4186230413412284,2.185840903262571
0.06505902196399127,1.0,1.0,-0.21179809239884168,-0.27947275386614523,-0.4786240825203785,-2.6334358816169856
-0.2316505346483364,-0.8207980184763922,-0.6645311957022291,-0.8943437490925146,-0.4219819139719573,-1.0,4.163415489317415
0.5750856473973507,1.0,0.7655135429318718,0.6694236400258667,-0.6348607093414689,-1.0,3.938610384360548
0.23675869061782584,-0.3576404698572081,-0.026639185776101193,1.0,-1.0,-0.7550349637828261,2.9897017142872033
-0.4943188853436318,-0.4376605386741368,-0.4492077076983769,-1.0,0.3212244434297875,0.8103997567425073,1.0843951145140005
0.06410402295316764,0.7495313797811184,-0.7525016620785766,0.6844252362234017,-0.15337789110979494,-1.0,3.126128802677782
-0.5739758258875005,0.8665711180705206,-0.06393359014709418,0.947283516932428,-0.11546113509199044,-0.40593786323959447,0.20568692960719184
-1.0,0.6070644725494592,-0.6066016244605501,-0.6076106656558244,0.09133629500106344,1.0,5.824965273332887
-0.6884583227032379,-1.0,0.5630049800421834,-0.03920089553688921,-1.0,0.5420331724829879,-0.5872451186195629
1.0,0.10203406856850572,0.7840717411645779,0.6511042645724974,-0.005870322163893826,-0.9435460331220777,4.881850120935335
0.9822770183843151,0.23008272637268715,0.5874017772539604,-1.0,-0.10696630117635936,0.9562890441629964,1.8063127476754233
0.578236476692556,-1.0,-0.4041132310674018,-0.29568557232926723,1.0,0.9266271929102452,-0.7442221116890104
-1.0,0.24078352010668225,-0.891489480432389,-0.7801774545227218,-1.0,-0.9840257776237662,-0.15845797872505446
-1.0,-1.0,-0.6856561186324848,-0.8053206740225252,0.08763998312190113,-0.426315963727602,-2.7342280915234554
0.22544182461428808,0.2757761943607434,-0.5866420843560902,-0.1041585855568532,-0.5760223370054103,-1.0,2.8019204444807055
1.0,1.0,-0.23936396526909354,0.1832967102237144,0.5507652252740574,1.0,2.2907632037397487
1.0,1.0,1.0,0.8707952149016412,-0.13245189641977279,-0.29241585211306154,-0.026428557544061537
0.2872059545395882,0.22500100920977956,0.16714277782233397,0.3871357696872484,-1.0,0.4068701554216797,0.603383209125239
0.6800177516047385,-0.969460561677516,0.24344193202377426,-1.0,-0.24465104342335964,-1.0,10.186182309743774
-0.3076118601493883,-0.7711370309018112,-0.06942640653425032,1.0,-0.014456004106840115,-0.8731019309200534,0.8721822383757546
0.8788834685833325,1.0,1.0,-0.2384480922125346,0.07864095314373132,-0.5372855360421702,-3.216831243755628
0.23057765360775395,-0.8637391235705875,-0.6612200731809202,-1.0,0.034589528734485564,-1.0,4.572428499528919
1.0,0.20778624925610223,1.0,1.0,0.15199514591192387,-0.6970395920085931,0.23390717435786101
-0.3887494078126826,0.48231152268438926,-0.14341648298329834,0.12542189583621932,-0.632515045067011,-0.8753176264479869,-0.42384979059958944
-0.07795920215890656,1.0,-0.9630763801370625,1.0,-1.0,-1.0,7.541206383958187
-0.8376039453433862,0.33259800833332887,0.7261711800605773,0.10132082592014297,-1.0,-0.7279578767303585,-1.2940673483277658
-0.1400716991098372,-0.2786415634636324,1.0,0.6709147352179836,0.5447400714976023,-0.9445564604067953,1.8535521833256519
-0.4283828433227072,0.9587509164891576,-0.02768126939172244,-0.04195052161989335,1.0,-0.7238964633460474,1.7131490615185816
-0.9821347811252612,-0.14075587087844887,0.2920768936245878,-1.0,-0.9524275507262847,-0.13903919146836605,-0.484052272904124
0.919008814810295,0.7795059893273887,1.0,0.2216480984044359,-1.0,-1.0,4.490292804553886
-1.0,-0.8021259884899341,-1.0,0.7391815146322347,-0.13223564012479017,1.0,3.761802022407137
1.0,1.0,0.08761036761782501,-0.9486332140438191,0.4894147928424344,0.1481821051578338,0.4177884414839542
0.900188389462718,0.41597725783326156,-1.0,-0.3112479286441461,-0.6744340550434751,0.5570149462660905,3.8039569013143635
-0.6441659344447122,-0.8794724665667293,0.4085298821023444,0.0032988699940322552,0.676568390139098,-1.0,6.129941154041477
1.0,1.0,-0.39064863148976603,0.9796482691327629,-1.0,-1.0,11.720600843432972
-1.0,-1.0,-1.0,-0.636912754727021,0.26236096096578,1.0,0.3745201295037601
0.3952083238246966,-0.39671538973675124,0.43829956792353875,0.21946866477981847,1.0,-1.0,1.4847926203725574
1.0,0.8504177036641166,-0.7895178818668422,-0.4053616922501366,-1.0,0.3820272974205926,6.322058126841016
-0.172731903459598,-0.5360071606880858,0.3669985578349733,0.49153604412231405,1.0,1.0,3.251105481108814
0.9433422093765318,0.35312693426978314,0.4879688331295735,1.0,-1.0,-1.0,9.462690292469558
1.0,1.0,0.7863051200244877,0.7427480846152974,1.0,0.8734911147294631,-5.4649702799995215
-0.011222937705017588,-0.11023241564886521,-0.536879137231049,-1.0,-1.0,-1.0,2.489953392996291
-0.2020926882325873,-0.1310433273998124,-1.0,-0.9994078895237883,-1.0,0.13324220351350352,-0.4455043985981572
0.2810663287377344,0.006047779498197237,0.04232541739553186,1.0,-0.5522597127298805,1.0,4.010730827888637
1.0,-0.3134075278429054,1.0,-0.44919762884745834,0.21116888089212457,-0.7505769370167031,2.150212393921209
-1.0,-0.8957659607633746,0.4027009250066729,-0.42293665663121716,-1.0,-1.0,3.0802331941111465
0.03659286482795143,-0.11816139665614045,-1.0,-1.0,-0.2808324768629623,-0.11655805533438193,-2.41249453421303
0.32168373093053493,1.0,1.0,1.0,0.2551483300151313,-0.8031385120179084,-2.401160940776547
-1.0,-0.9607000540122586,-0.3967071900044702,-0.9000684835405972,-0.7410692009622389,1.0,-1.3816483570040168
-0.43266239885313074,0.009970843663933304,-0.9219807864649767,-0.5361444307455627,1.0,1.0,6.888660530373565
0.6534274706829908,1.0,1.0,0.44536475219406607,-1.0,0.4636252150871314,-0.9377332843668561
1.0,0.8895119775814546,1.0,-0.32450324139766057,-1.0,0.7853389600418712,1.7592149813432325
-0.3171803902110819,-0.39083387087643584,-1.0,-0.11280556823226973,1.0,-0.728447787537146,0.5638621827177155
-0.03818369559095236,-0.9727010799219418,1.0,0.352539854292951,-1.0,0.19164009948381744,2.2698594124117353
-1.0,-0.052073341494315306,-0.4310693389327229,-0.2867368485873354,-1.0,-0.8575843996240691,-1.5165675786389996
0.9529561207168726,1.0,-0.2074887562285878,0.502827715431451,-0.12138835494584321,1.0,5.203823132866481
0.8262686103864303,0.3816136890687989,0.6275207081605246,1.0,0.22132390619779452,0.3749574240753124,-2.4338395092551783
-1.0,1.0,1.0,-0.17003372249999416,-0.026045555482719168,-0.473502805531848,-2.378320361604604
-0.3707309650701487,0.4137574759432416,-1.0,-0.5836018043693534,0.6977141497817031,0.8666181303359333,7.086803936710557
0.8148838293171332,-1.0,0.5528174536811132,1.0,-1.0,-0.041213566633600984,7.9927283380511875
0.3129532638954648,1.0,0.9199775242302034,1.0,0.08981132956123494,-0.6003220411426501,-1.570428418206803
-0.5571643599867596,-1.0,-0.06053586254463161,-1.0,1.0,0.7617929398718462,0.23252115127904005
-1.0,-1.0,0.06777093307454385,-1.0,0.7257628870445902,0.2822632104536422,0.00469602750693493
0.16694240735427254,-0.6602391271773128,-0.32022457671855264,0.007717738925769657,-1.0,-0.7723439406735169,1.7128892868495207
-0.34487242541985874,-0.7597428606831815,0.4239737825612902,-0.4935996266428767,-1.0,-0.2612211746605759,1.9508186413450535
-1.0,-1.0,0.02066678287552587,-1.0,-1.0,-0.6671087470558155,4.097660707159876
-0.8827749207188409,-0.010056682572189057,-1.0,-0.1934476954716693,0.8816646280866561,0.9669610061059566,7.953752826123858
0.5742529319461818,0.683214434586574,1.0,1.0,0.13822678195480115,0.2136634473656937,-2.4863856254269767
0.5244254530700412,0.40393091586364505,0.6229484571766728,0.28946650764879833,0.8742519131424669,0.3286491206590877,-2.167946339865161
0.6339852837557695,0.7031961153881678,-0.37262956912810796,-0.24239934502925753,0.7952867117222595,0.04841534546054799,-0.13308530670200558
-0.8315718285958204,0.7359822850628024,-1.0,-1.0,0.2222136926120568,1.0,10.330649951317657
-1.0,1.0,0.9329950031957461,0.8644186680719819,1.0,0.8671068380453675,-6.012298920152205
1.0,0.5806212560738306,1.0,1.0,0.5695050251997419,0.9438197828120483,-5.569539938568923
0.4421353586831228,1.0,1.0,-1.0,-0.20598558546882595,-0.8355045489591788,-3.670071237013634
-0.18671403757382588,-1.0,-1.0,-1.0,-0.8308987512904165,-0.04386067489354262,0.35991491322931257
-1.0,-1.0,-0.4279114469526647,-0.34274218275211965,-1.0,-1.0,2.6385095146521955
0.4957696110904084,1.0,0.6366296586031079,0.07469863833961088,0.17740048893283378,-1.0,2.1790451156196786
0.10554286041157185,0.6142685236381035,-0.9117998198623768,1.0,-0.22111905574433188,-1.0,2.1877286938446545
-1.0,-0.4932584952918371,0.20598010057384974,-1.0,-0.2378155844393306,-0.777416678114949,2.212193337846754
-1.0,-0.013725631540991046,-0.41342777962054056,-0.3511102855040853,1.0,0.5373431997982544,2.9226931229322477
0.3776874407626841,0.05118749803926381,-0.23167263846635172,0.3096763213296186,-1.0,-0.24662364670685966,1.0951424980420617
0.5540252771600053,-0.35039124756887363,-1.0,-1.0,1.0,1.0,1.2654240477481644
0.818080576866484,0.40387794329679827,1.0,0.36254495883615334,1.0,0.5942691756393397,-5.506650450805672
-1.0,-0.35036032226064706,0.5684203651437816,-0.36023563500708344,-0.03556385463820766,-0.7359561006647277,2.0131727724318225
-1.0,-0.5808591861183341,-1.0,-0.6080307133889007,-0.09822946285197054,-0.3925003431566395,-1.4913256501394323
-0.5369989869707601,-0.11861103748082724,-0.16867092187403387,-0.7060750300258715,0.6534846559460458,0.7044437506953665,2.5280645984203156
1.0,0.5341473442285228,0.7989656005821266,1.0,1.0,-0.22126277364972613,-3.089727169209119
-1.0,-0.2966475089634112,-1.0,0.6347261198724307,-0.7369914303881469,-0.7793780205264687,-0.6548761727795087
1.0,1.0,0.9167229335703446,0.6139193496453061,0.2745799443531429,1.0,-4.779618777162255
-0.42756240060304695,-1.0,-0.41081696172564486,-1.0,0.04656241842958833,-1.0,4.3598914479359925
0.008042466111709334,-0.502246597626375,0.4003953599045338,-0.7819560149083985,0.3019744027087909,0.2925817666751165,-0.924619584651175
1.0,-0.27887158342353235,-0.04024836743669635,1.0,0.07265617765133958,-0.49721863572581515,1.2398047048940541
-0.06427068842593542,0.1567357972322473,-1.0,-0.7924391175224981,0.8294609052855265,-1.0,3.41457838413715
1.0,-0.6082790800364255,0.596503485393282,0.6385111262694785,0.13126905941065292,-0.6270833363769155,2.0439828590364186
0.8941794027140426,0.8639400089508045,0.7357310415334068,0.25624314202745724,-1.0,-0.48423325529954264,2.6800363983027773
0.10676595396885147,-0.37788629289187736,0.3682143108194932,-1.0,-0.7767911678969441,-0.818425439945587,4.174167336055699
0.312993390934824,0.17148709252778338,1.0,0.17430493508638026,0.9753979867902356,0.22695555833448772,-2.2891204113188066
-0.5098880348419399,-0.12051803539851325,-0.897568960172572,-0.5619114108373109,0.05463600086874276,-1.0,4.89371518843065
0.7175422726329492,1.0,1.0,1.0,1.0,0.9945528610051251,-7.825164095047748
-1.0,-1.0,-1.0,-0.004321341161439229,-0.43487395194240563,-0.32774205543326884,-5.052863702627925
0.7831199653011539,0.8507816468805764,-0.13458550749696163,0.051644103661447976,0.3550187756312244,0.9416413806559389,2.839528614551484
-1.0,0.12097598914386909,-1.0,0.3194380396245632,-0.0892575968436442,-0.9824355807867886,4.099348199006236
-0.4713537771629608,1.0,-0.24011180911439056,0.19811964394899695,1.0,1.0,8.415695351449658
-1.0,-1.0,-1.0,-1.0,0.15912594271000172,-0.2354737564979431,-5.892309445271589
1.0,0.19304577323283922,0.3584710199700871,0.9586590645117643,-1.0,0.23122314619717443,3.0076972554888215
-0.20922264681429692,-1.0,-1.0,-0.6866204387161532,0.5943492153698429,0.726431092711478,-1.1266827155523504
0.025735953812383056,0.023462321913723327,0.42474611655968,0.6846467268559304,0.6817928097408505,1.0,1.35018922496746
1.0,0.15314718632427568,1.0,-0.5121645590737648,-0.8547515230255105,-1.0,6.3810512149908964
0.19842739935181566,0.02231426294591385,-0.38145926923436946,1.0,0.8757554143657675,1.0,4.78384280075268
-1.0,-0.4252259783086607,0.6806717914540068,0.5843512747460942,1.0,-0.7650189535316321,3.8319051974861162
-0.6946756745847076,-0.9165587677495598,-1.0,-0.5734754655231473,0.9735866563068574,1.0,2.7384420948422354
0.052782709080646695,-1.0,-0.41655142898719644,-1.0,-0.16359244076132762,0.7003066386613653,-0.543531516587394
0.4628328225248973,0.4731727591956852,-1.0,0.0813733923861848,-0.014072976819198502,-1.0,2.0835700776457564
-0.08776018343391134,-0.46673948806920196,0.17407355921977227,-0.02011410839414779,-0.5770331148216523,-0.05722231987013404,0.8030257459730401
1.0,-0.4041273773339639,1.0,1.0,-0.42098661165505236,1.0,0.5529705044883055
-1.0,0.23672754609577196,0.329787924539901,-1.0,-0.9419222376669828,1.0,1.2183551885532022
-1.0,-0.5978830615366764,-1.0,-1.0,-1.0,-0.4701723465248746,-0.6581448634763616
0.40179026848490174,0.5657530916865602,0.7782823802811426,0.6659546566186776,1.0,0.4690549742676855,-1.2872335910130688
0.23849839893666974,-0.8997849524306616,1.0,-1.0,0.046588191607759843,0.5654279559474262,-2.014656292353439
0.92654552801663,-0.672822891780783,-0.48592989289937516,-0.6918249743283349,1.0,0.47725204928592113,-4.0570392232446855
0.3528731871733649,-0.20421245125647125,0.12153283406175919,-1.0,-0.4204984494919328,-1.0,4.940061689399848
0.46419564817254755,-0.7000294538821058,0.4432829760618763,-0.6322769918927139,-0.380614996096991,0.10538341303469093,0.2705943438936662
0.7346797920219293,1.0,0.8096996892919421,1.0,-0.031222744240161637,-0.6066353058644609,0.9086232683273165
0.9394778547131785,1.0,0.1686648796061294,1.0,0.8025849248628056,1.0,-0.6538944331677301
1.0,0.19455947821833908,0.1488888653572561,1.0,-0.1345449882988658,0.12441883231281575,0.39428386919929403
0.677699139668131,0.5404760867967008,-0.08370301155255147,-1.0,-1.0,-0.472532809689059,5.059036033944113
-0.11734623698300076,-0.6325041856829379,-0.297432795070258,-1.0,1.0,1.0,2.9475263815990593
-0.589097012341439,-0.5063063859966955,-0.4073945195046782,-0.7292734376721115,1.0,1.0,4.912366471783178
1.0,1.0,0.996518671299143,1.0,-0.5533757788266007,0.9660901448639363,-0.7517269173783612
-0.12248622117441743,0.5486084024447077,1.0,0.06604095275786437,-0.7065854133091382,0.8428447920832787,-1.1338478828670158
-1.0,-0.6196383838946201,0.05133974726738644,-1.0,0.6680874377369561,-0.3906718053519708,2.9386510643985613
-0.9522711154595341,-1.0,-0.5344608721817633,-0.6621338244854693,-0.6246392151975986,1.0,-1.0334455350484502
1.0,0.12408083799461367,0.8595598543145048,-0.4501750834525975,-1.0,1.0,5.8679653688883215
-0.49823326941080537,-1.0,-0.1235331284083534,-1.0,-0.13172789390479345,-1.0,4.898926662687718
-0.2949828922247819,-0.8619147484099159,-0.483423580115541,-0.8480065156426448,0.8391175408340765,1.0,2.1382947556826837
-0.2619333368912399,-1.0,-0.9299817892190361,0.14827104055653983,0.16380889018608336,1.0,3.132647755853895
-0.8653421100982738,1.0,0.2615960706548578,1.0,1.0,0.40914707928820837,-0.5533332795925032
-0.18506911538814097,-0.4732544206160545,0.008855724091344164,-0.1429697722374334,0.36980297614978647,-0.2243548988396532,0.003945287883320214
-0.742915618242349,0.013165009712222897,-0.34196127226212036,-1.0,0.7350713291905007,0.8272857908075933,4.481985838464657
1.0,0.4793107758223909,1.0,1.0,-0.05974683817969195,-0.24682233737181516,-0.7665532655102532
0.11330466530225669,-1.0,0.6386670250096846,-1.0,0.033948114432914345,0.21593597332201764,0.120929315464806
-1.0,-1.0,-1.0,-0.9942242047995906,-1.0,-1.0,4.722300771405852
0.9471670577017376,-0.7450891036625017,-0.36946418508567536,-0.2452006890031496,-0.14620405327073388,0.893404255954231,0.8449459989029304
-0.614705490046852,-0.13519358490420275,-0.44295475150939023,-0.20678089691075208,-0.03624025651443141,-0.26689797772097634,0.26373536138503373
-0.8461633023384789,0.4328405603163688,0.5673880942155266,-1.0,0.6377600335566189,0.25474120160767433,0.08870003789342784
-1.0,-0.7086046853080863,-0.025107610801653468,0.6467083166538942,-0.9665180628808049,1.0,0.05082296191815089
-0.09539582991227247,0.8436117321092509,-0.392734714443802,1.0,0.213622816910215,0.43854440782470316,-0.24999217235220883
0.544396001537164,1.0,1.0,1.0,0.9650443476392088,-0.3908000807845592,-5.30297503325277
-0.5953239417034691,0.08707107674872205,-1.0,0.8014324079122045,1.0,1.0,9.47609976457159
-1.0,-1.0,-0.03504011091930015,-0.9235726571937262,0.07764456482729187,0.9689391432131906,-2.7327171595532467
-1.0,-0.9819908210169328,-1.0,-0.3028505029209563,0.5788385251469459,-0.5814959162470508,-0.8534927614370954
-1.0,-0.4444124111150167,-1.0,-0.735811547940337,-1.0,-0.6167931343897529,-0.922792119789962
1.0,1.0,0.016084010402303672,-0.4851972092104151,-0.7765351255887207,-0.2983365142814879,2.711418535875379
-0.5068505494899729,-0.6089513474851017,-1.0,-0.8835460728226253,-0.62639634304406,-0.4566629819366694,-0.4753947994178757
0.4562114656258664,-0.3780440115991446,-0.06830947737377657,-0.7325268032829619,1.0,1.0,0.8662518773318126
0.6175768944859528,-0.020678243931157622,-0.7657426760223633,0.5194045581980721,0.4138772633846007,0.7404934908427813,0.4926020562075196
1.0,1.0,1.0,1.0,0.8296933588059363,0.1021299174176884,-7.638552717138546
1.0,0.3029201258719876,-0.9371450013368281,-0.5033160556665559,-1.0,-0.24998885640670776,3.9285690764324444
-0.47058589869681394,1.0,-0.7632135113921844,1.0,0.3651812135424046,-0.6086140274029843,2.808202157642186
0.07255775080524807,-0.6343302245962885,-1.0,-0.30782445516251533,1.0,0.6130829394752064,0.7595444847466738
0.25212718829713077,0.7908432872712859,0.6576751998876349,0.7079946875149807,0.9560509594756164,1.0,0.8361953493512839
1.0,-0.5748164708396226,1.0,1.0,-0.39141120805796037,-0.7252865280823969,5.461816206088583
-0.19125134659625093,-0.3723388989755629,-0.675108991892354,0.14342510221756566,-1.0,-0.04760637035422233,-0.12259255890256227
0.21515275106029952,0.9589482814012888,1.0,1.0,1.0,1.0,-5.895110845762345
-0.7654987250789639,0.06637788611677833,1.0,-0.029777479065657864,-0.24273724219272985,0.1418521011165777,-1.0001658585580198
0.6663591066741403,0.6662595115061631,-0.10054572523440242,0.04627120939393348,-0.22988533121232768,-0.687926795976065,1.9370098514180896
-1.0,0.45043105819483964,0.0356886798211144,-1.0,1.0,0.8836381858064788,7.481207640307866
-1.0,-0.19775121856826838,-0.2815624703397125,-0.9296339363215903,1.0,0.5243426307270669,4.236096641448883
0.8473537464978373,0.09794465744411718,-0.03301966705157655,0.0465481545032258,0.48091139782372,-0.12773615236662883,-0.17344918257676478
0.5535863308038578,0.016165239640426682,-0.40683353721453575,0.14774549449434213,-0.05725990590578089,-1.0,2.6426623067566375
-0.4847086506980758,0.3230359991803789,0.5588251065615653,-0.23856201108264258,-1.0,0.267662536590954,-2.3816321820006676
0.8143061387386403,1.0,-0.14518262780393776,0.9818721857362656,-0.7451876091461922,-0.26169991531004766,4.898636868142773
1.0,0.4670017170138765,0.3795329288597403,0.9511685916853396,0.5717133280441031,0.7838494264722661,-1.3132866516820885
-0.13666267667698076,-0.5979103483304848,0.14856493946569882,-1.0,1.0,0.7749761851769558,1.6521728154000193
-0.12643235091455038,0.07986535369719971,-0.1627133704274396,-0.9449430796695386,-1.0,0.6282195784813204,3.760930483308202
0.6310056989317945,0.05272031263307142,0.5225786268897946,-0.5664888929749746,1.0,-0.43809580475940635,-0.3342644265701229
-1.0,-1.0,-0.6621260497558366,-1.0,0.02255232415491326,-1.0,3.453026910987183
0.06565666002344916,0.4070493320169564,-0.07594216077985766,0.2315504969909905,1.0,1.0,5.03798433372118
0.785598157378764,1.0,-0.014820581699975799,0.6391747869883222,0.5340161845422946,-0.4975625151581631,0.15681028036492745
-0.07076051629723445,-0.3250034728490303,-1.0,-1.0,0.898614043231109,1.0,6.171412372407563
0.611937518278815,-1.0,-1.0,-0.7428499991376925,-1.0,-0.8164205573641723,6.623541714418531
-0.8722551748426233,-1.0,-0.7619169942310348,-0.3541323422254655,-0.32347811710881025,-1.0,3.5138016643930747
0.8691535067844964,1.0,0.7528979882132615,1.0,0.1862616264159973,0.22460326912137596,-3.2142786835795767
-0.9771860397965496,0.3265800492320027,0.16162569601643378,-0.019157049496885903,-1.0,-1.0,-2.640680601186679
-0.9505698159507578,-1.0,-1.0,-1.0,1.0,-0.8501130121131764,-0.4667285421747631
1.0,0.2426820875416713,1.0,0.26543612358735236,-0.6624308969300341,0.8295575784376578,1.3809437012300454
1.0,0.05594789729043037,-1.0,0.37117208512064803,-1.0,-0.7254791273223553,5.632375110884184
-0.23271622771707468,-0.39560981239457516,0.2743523640494451,-0.7604766289168636,-0.14588945697628142,1.0,0.9213886317718435
-0.740302832164208,-0.40296052299006285,0.47303165419752125,-1.0,-0.7529869065591002,-0.671795968426427,1.4554915564151805
1.0,1.0,-0.30482962604966757,0.1040088978962358,0.358121293876186,-0.2653464870396217,-0.46818965077088404
-0.6601948830786795,-0.9575806586209361,-1.0,-0.01892884635694525,1.0,0.623933637055289,-0.6280450018652068
-0.1504987019228745,-0.023491903990233265,-1.0,-0.49070023896592296,1.0,1.0,7.759055235873848
-0.1640449843035675,-1.0,-0.39833858937848277,-1.0,-0.8863216309539538,-0.8507451616136092,6.5356260307841625
-0.21651174063737644,-0.4116962571430445,0.5540908168291059,-1.0,0.6430910219354815,0.2666884018965469,-0.24871538248711914
1.0,0.0698850522241925,1.0,0.037053285674626624,-1.0,-0.3962269146051563,5.168517471500333
-1.0,-0.5278773543256878,-1.0,-0.1856358193038692,1.0,0.286170835811523,-2.187879087139581
0.7285824943590593,0.42705689897244636,0.39169267731427415,0.652661594642806,0.012084220543850832,0.7445634608865856,0.2887719215145135
-1.0,1.0,-0.42618464916380794,0.37574205140101835,-0.2645303484901951,-0.4467113954694317,2.472599078957445
0.7270211585224984,1.0,1.0,1.0,1.0,1.0,-8.88660962786651
-0.1316358754277801,-0.8720322787447813,-0.9388225844682496,-0.9168658672017047,0.1550812760363327,0.10034507946936433,-2.575045427837525
-0.19831379611166236,-1.0,0.4652640002814561,-0.06116492293723241,-1.0,-1.0,4.746671198982623
-0.531008402291671,0.9581006943205341,0.5685021737970806,0.2190143545090275,-0.05867198089689207,1.0,0.6307558834561888
0.5498235931536832,0.4749020147812821,-0.3182003152215216,-1.0,-0.11135981234800596,-1.0,2.0885119124053744
1.0,0.9910846317379496,-0.0850819065833362,-0.09434622050968589,-0.13345569191727136,1.0,5.187788974482867
0.1550046609476978,-1.0,0.7751758633694652,0.8763249324450237,0.7682921844338995,1.0,2.1844151070349684
-1.0,-0.1958780819896575,-0.29141359287822044,-0.5599657933920565,-0.7430228766611756,0.4489678256256079,-2.233260090877791
0.5877944934166823,1.0,1.0,-0.18489475737816896,1.0,0.29336766635794453,-4.052543632914958
1.0,0.8950192104396493,0.24015661189210946,1.0,-0.7000623017353083,-0.22364070763204422,4.303563404347654
0.2857206624259233,-1.0,0.306481691612478,1.0,-1.0,1.0,9.151831813496079
-0.14306381360451959,0.3040433990637239,1.0,1.0,0.5976478121704085,0.7464782812779452,-2.526219830385177
-0.26253877603521425,0.2435490278943344,-1.0,-0.3688308912018232,-1.0,-1.0,0.6248480207127031
0.9480564912151828,1.0,0.3982232058624925,0.7128268320461895,-1.0,-0.8438853365867933,6.89489355824676
